[2025-12-16 18:10:17.808] [global] [info] [git_source_control.cc:517] Computing merge base between 20526243bd5a9fa86995d57ef3296f665e863ee7 and 2ade3df93bfcc8fcb9cd19c422d121bc2ba07f18
[2025-12-16 18:10:17.853] [global] [info] [git_source_control.cc:522] failed to compute merge base - no merge base found
[2025-12-16 18:10:29.181] [global] [info] [git_source_control.cc:517] Computing merge base between 20526243bd5a9fa86995d57ef3296f665e863ee7 and 2ade3df93bfcc8fcb9cd19c422d121bc2ba07f18
[2025-12-16 18:10:29.183] [global] [info] [git_source_control.cc:522] failed to compute merge base - no merge base found
[2025-12-16 18:10:29.955] [global] [info] [git_source_control.cc:517] Computing merge base between 20526243bd5a9fa86995d57ef3296f665e863ee7 and 2ade3df93bfcc8fcb9cd19c422d121bc2ba07f18
[2025-12-16 18:10:29.957] [global] [info] [git_source_control.cc:522] failed to compute merge base - no merge base found
[2025-12-16 18:11:08.191] [global] [info] [git_source_control.cc:517] Computing merge base between 20526243bd5a9fa86995d57ef3296f665e863ee7 and 2ade3df93bfcc8fcb9cd19c422d121bc2ba07f18
[2025-12-16 18:11:08.220] [global] [info] [git_source_control.cc:522] failed to compute merge base - no merge base found
[2025-12-16 18:11:12.325] [global] [info] [git_source_control.cc:517] Computing merge base between 20526243bd5a9fa86995d57ef3296f665e863ee7 and 2ade3df93bfcc8fcb9cd19c422d121bc2ba07f18
[2025-12-16 18:11:12.326] [global] [info] [git_source_control.cc:522] failed to compute merge base - no merge base found
[2025-12-16 18:11:20.404] [global] [info] [git_source_control.cc:517] Computing merge base between 20526243bd5a9fa86995d57ef3296f665e863ee7 and 2ade3df93bfcc8fcb9cd19c422d121bc2ba07f18
[2025-12-16 18:11:20.404] [global] [info] [git_source_control.cc:522] failed to compute merge base - no merge base found
[2025-12-16 18:11:21.635] [global] [info] [git_source_control.cc:517] Computing merge base between 20526243bd5a9fa86995d57ef3296f665e863ee7 and 2ade3df93bfcc8fcb9cd19c422d121bc2ba07f18
[2025-12-16 18:11:21.636] [global] [info] [git_source_control.cc:522] failed to compute merge base - no merge base found
[2025-12-16 18:12:38.423] [global] [info] [git_source_control.cc:517] Computing merge base between 20526243bd5a9fa86995d57ef3296f665e863ee7 and 2ade3df93bfcc8fcb9cd19c422d121bc2ba07f18
[2025-12-16 18:12:38.455] [global] [info] [git_source_control.cc:522] failed to compute merge base - no merge base found
[2025-12-16 18:12:45.187] [global] [info] [git_source_control.cc:517] Computing merge base between 20526243bd5a9fa86995d57ef3296f665e863ee7 and 2ade3df93bfcc8fcb9cd19c422d121bc2ba07f18
[2025-12-16 18:12:45.187] [global] [info] [git_source_control.cc:522] failed to compute merge base - no merge base found
[2025-12-16 18:12:58.341] [global] [info] [git_source_control.cc:517] Computing merge base between 2504d6ab695c755fbb90209ae3ebd979889a7a23 and 2ade3df93bfcc8fcb9cd19c422d121bc2ba07f18
[2025-12-16 18:12:58.351] [global] [info] [git_source_control.cc:522] failed to compute merge base - no merge base found
[2025-12-16 18:13:14.030] [global] [info] [git_source_control.cc:517] Computing merge base between 2504d6ab695c755fbb90209ae3ebd979889a7a23 and 2ade3df93bfcc8fcb9cd19c422d121bc2ba07f18
[2025-12-16 18:13:14.031] [global] [info] [git_source_control.cc:522] failed to compute merge base - no merge base found
[2025-12-16 18:13:18.477] [global] [info] [git_source_control.cc:517] Computing merge base between 2504d6ab695c755fbb90209ae3ebd979889a7a23 and 2ade3df93bfcc8fcb9cd19c422d121bc2ba07f18
[2025-12-16 18:13:18.477] [global] [info] [git_source_control.cc:522] failed to compute merge base - no merge base found
[2025-12-16 18:13:19.318] [global] [info] [git_source_control.cc:517] Computing merge base between 2504d6ab695c755fbb90209ae3ebd979889a7a23 and 2ade3df93bfcc8fcb9cd19c422d121bc2ba07f18
[2025-12-16 18:13:19.318] [global] [info] [git_source_control.cc:522] failed to compute merge base - no merge base found
[2025-12-16 18:24:23.081] [global] [info] [git_source_control.cc:517] Computing merge base between 2504d6ab695c755fbb90209ae3ebd979889a7a23 and 2ade3df93bfcc8fcb9cd19c422d121bc2ba07f18
[2025-12-16 18:24:23.138] [global] [info] [git_source_control.cc:522] failed to compute merge base - no merge base found
[2025-12-16 18:24:39.676] [global] [info] [runner.cc:154] Executing action trunk-upgrade-available.schedule.1h
[2025-12-16 18:24:39.701] [global] [info] [runner.cc:154] Executing action trunk-single-player-auto-upgrade.schedule.24h+1h
[2025-12-16 18:24:39.731] [global] [info] [runner.cc:154] Executing action trunk-whoami.schedule.24h+1h
[2025-12-16 18:24:44.877] [global] [info] [grpc.cc:22] RX:virtual grpc::Status trunk::cli::UpgradeService::GetAvailableUpgrades(grpc::ServerContext *, const upgrade::proto::v1::GetAvailableUpgradesRequest *, grpc::ServerWriter<upgrade::proto::v1::GetAvailableUpgradesResponse> *)
[2025-12-16 18:24:44.912] [global] [info] [cli_upgrade.cc:85] Checking for latest trunk prod version...
[2025-12-16 18:24:44.923] [global] [info] [plugin_upgrade.cc:71] Querying latest version for plugin trunk
[2025-12-16 18:24:47.077] [global] [info] [cli_upgrade.cc:92] Successfully fetched latest trunk 1.25.0 version: prod
[2025-12-16 18:24:53.674] [global] [info] [git_source_control.cc:517] Computing merge base between 2504d6ab695c755fbb90209ae3ebd979889a7a23 and 2ade3df93bfcc8fcb9cd19c422d121bc2ba07f18
[2025-12-16 18:24:53.678] [global] [info] [git_source_control.cc:522] failed to compute merge base - no merge base found
[2025-12-16 18:24:54.641] [global] [info] [git_source_control.cc:517] Computing merge base between 2504d6ab695c755fbb90209ae3ebd979889a7a23 and 2ade3df93bfcc8fcb9cd19c422d121bc2ba07f18
[2025-12-16 18:24:54.643] [global] [info] [git_source_control.cc:522] failed to compute merge base - no merge base found
[2025-12-16 18:24:56.030] [global] [info] [git_source_control.cc:517] Computing merge base between 2504d6ab695c755fbb90209ae3ebd979889a7a23 and 2ade3df93bfcc8fcb9cd19c422d121bc2ba07f18
[2025-12-16 18:24:56.031] [global] [info] [git_source_control.cc:522] failed to compute merge base - no merge base found
[2025-12-16 18:25:06.140] [global] [warning] [release.cc:76] Querying ReleaseVersionService failed with message Endpoint is deprecated
[2025-12-16 18:25:06.850] [global] [warning] [release.cc:142] Querying validated version from ReleaseVersionService failed with message Endpoint is deprecated
[2025-12-16 18:25:06.858] [global] [info] [linter.cc:1078] Validated version for trufflehog not provided, or bypassed. Using fallback
[2025-12-16 18:25:06.859] [global] [info] [linter.cc:1078] Validated version for osv-scanner not provided, or bypassed. Using fallback
[2025-12-16 18:25:06.859] [global] [info] [linter.cc:1078] Validated version for checkov not provided, or bypassed. Using fallback
[2025-12-16 18:25:06.859] [global] [info] [linter.cc:1078] Validated version for markdownlint not provided, or bypassed. Using fallback
[2025-12-16 18:25:06.871] [global] [warning] [resolve_binary.cc:46] is_regular_file check failed for for C:\Users\guido\AppData\Local\trunk\tools\node\22.16.0-12da8a4c27b144aedaf7d975e067667c/bin\npm.bat // 3:El sistema no puede encontrar la ruta especificada.
[2025-12-16 18:25:06.872] [global] [warning] [resolve_binary.cc:46] is_regular_file check failed for for C:\Users\guido\AppData\Local\trunk\tools\node\22.16.0-12da8a4c27b144aedaf7d975e067667c/bin\npm // 3:El sistema no puede encontrar la ruta especificada.
[2025-12-16 18:25:06.872] [global] [warning] [resolve_binary.cc:46] is_regular_file check failed for for C:\Users\guido\AppData\Local\trunk\tools\node\22.16.0-12da8a4c27b144aedaf7d975e067667c/bin\npm.exe // 3:El sistema no puede encontrar la ruta especificada.
[2025-12-16 18:25:07.507] [global] [info] [linter.cc:1078] Validated version for prettier not provided, or bypassed. Using fallback
[2025-12-16 18:25:07.508] [global] [warning] [resolve_binary.cc:46] is_regular_file check failed for for C:\Users\guido\AppData\Local\trunk\tools\node\22.16.0-12da8a4c27b144aedaf7d975e067667c/bin\npm.bat // 3:El sistema no puede encontrar la ruta especificada.
[2025-12-16 18:25:07.508] [global] [warning] [resolve_binary.cc:46] is_regular_file check failed for for C:\Users\guido\AppData\Local\trunk\tools\node\22.16.0-12da8a4c27b144aedaf7d975e067667c/bin\npm // 3:El sistema no puede encontrar la ruta especificada.
[2025-12-16 18:25:07.508] [global] [warning] [resolve_binary.cc:46] is_regular_file check failed for for C:\Users\guido\AppData\Local\trunk\tools\node\22.16.0-12da8a4c27b144aedaf7d975e067667c/bin\npm.exe // 3:El sistema no puede encontrar la ruta especificada.
[2025-12-16 18:25:28.048] [global] [warning] [release.cc:76] Querying ReleaseVersionService failed with message Endpoint is deprecated
[2025-12-16 18:25:28.048] [global] [warning] [release.cc:76] Querying ReleaseVersionService failed with message Endpoint is deprecated
[2025-12-16 18:25:28.596] [global] [info] [linter.cc:1078] Validated version for oxipng not provided, or bypassed. Using fallback
[2025-12-16 18:25:28.605] [global] [info] [linter.cc:1078] Validated version for yamllint not provided, or bypassed. Using fallback
[2025-12-16 18:25:28.713] [global] [info] [linter.cc:1791] Found config in plugin repo at C:\Users\guido\AppData\Local\trunk\plugins\https---github-com-trunk-io-plugins\v1.7.4-4ebadccd80b22638\linters\yamllint\.yamllint.yaml
[2025-12-16 18:25:49.749] [global] [warning] [release.cc:76] Querying ReleaseVersionService failed with message Endpoint is deprecated
[2025-12-16 18:25:50.943] [global] [info] [grpc.cc:26] TX:virtual grpc::Status trunk::cli::UpgradeService::GetAvailableUpgrades(grpc::ServerContext *, const upgrade::proto::v1::GetAvailableUpgradesRequest *, grpc::ServerWriter<upgrade::proto::v1::GetAvailableUpgradesResponse> *) status=OK
[2025-12-16 18:25:51.377] [global] [info] [notification_manager.cc:37] Writing to C:\Users\guido\Documents\Proyectos\club\clubFront\.trunk\notifications\trunk-upgrade.yaml
[2025-12-16 18:25:54.765] [global] [info] [git_source_control.cc:517] Computing merge base between 2504d6ab695c755fbb90209ae3ebd979889a7a23 and 2ade3df93bfcc8fcb9cd19c422d121bc2ba07f18
[2025-12-16 18:25:54.783] [global] [info] [git_source_control.cc:522] failed to compute merge base - no merge base found
[2025-12-16 18:25:58.363] [global] [info] [git_source_control.cc:517] Computing merge base between 2504d6ab695c755fbb90209ae3ebd979889a7a23 and 2ade3df93bfcc8fcb9cd19c422d121bc2ba07f18
[2025-12-16 18:25:58.364] [global] [info] [git_source_control.cc:522] failed to compute merge base - no merge base found
[2025-12-16 18:28:34.640] [global] [info] [git_source_control.cc:517] Computing merge base between 2504d6ab695c755fbb90209ae3ebd979889a7a23 and 2ade3df93bfcc8fcb9cd19c422d121bc2ba07f18
[2025-12-16 18:28:34.667] [global] [info] [git_source_control.cc:522] failed to compute merge base - no merge base found
[2025-12-16 18:28:37.745] [global] [info] [git_source_control.cc:517] Computing merge base between 2504d6ab695c755fbb90209ae3ebd979889a7a23 and 2ade3df93bfcc8fcb9cd19c422d121bc2ba07f18
[2025-12-16 18:28:37.745] [global] [info] [git_source_control.cc:522] failed to compute merge base - no merge base found
[2025-12-16 18:28:59.788] [global] [info] [git_source_control.cc:517] Computing merge base between 2504d6ab695c755fbb90209ae3ebd979889a7a23 and 2ade3df93bfcc8fcb9cd19c422d121bc2ba07f18
[2025-12-16 18:28:59.797] [global] [info] [git_source_control.cc:522] failed to compute merge base - no merge base found
[2025-12-16 18:29:02.143] [global] [info] [git_source_control.cc:517] Computing merge base between 2504d6ab695c755fbb90209ae3ebd979889a7a23 and 2ade3df93bfcc8fcb9cd19c422d121bc2ba07f18
[2025-12-16 18:29:02.147] [global] [info] [git_source_control.cc:522] failed to compute merge base - no merge base found
[2025-12-16 18:29:45.264] [global] [info] [git_source_control.cc:517] Computing merge base between 2504d6ab695c755fbb90209ae3ebd979889a7a23 and 2ade3df93bfcc8fcb9cd19c422d121bc2ba07f18
[2025-12-16 18:29:45.318] [global] [info] [git_source_control.cc:522] failed to compute merge base - no merge base found
[2025-12-16 18:29:53.031] [global] [info] [git_source_control.cc:517] Computing merge base between 2504d6ab695c755fbb90209ae3ebd979889a7a23 and 2ade3df93bfcc8fcb9cd19c422d121bc2ba07f18
[2025-12-16 18:29:53.050] [global] [info] [git_source_control.cc:522] failed to compute merge base - no merge base found
[2025-12-16 18:30:13.041] [global] [info] [git_source_control.cc:517] Computing merge base between 2504d6ab695c755fbb90209ae3ebd979889a7a23 and 2ade3df93bfcc8fcb9cd19c422d121bc2ba07f18
[2025-12-16 18:30:13.043] [global] [info] [git_source_control.cc:522] failed to compute merge base - no merge base found
[2025-12-16 18:30:14.114] [global] [info] [git_source_control.cc:517] Computing merge base between 2504d6ab695c755fbb90209ae3ebd979889a7a23 and 2ade3df93bfcc8fcb9cd19c422d121bc2ba07f18
[2025-12-16 18:30:14.117] [global] [info] [git_source_control.cc:522] failed to compute merge base - no merge base found
[2025-12-16 18:38:48.567] [global] [info] [git_source_control.cc:517] Computing merge base between 2504d6ab695c755fbb90209ae3ebd979889a7a23 and 2ade3df93bfcc8fcb9cd19c422d121bc2ba07f18
[2025-12-16 18:38:48.625] [global] [info] [git_source_control.cc:522] failed to compute merge base - no merge base found
[2025-12-16 18:43:45.211] [global] [info] [git_source_control.cc:517] Computing merge base between 2504d6ab695c755fbb90209ae3ebd979889a7a23 and 2ade3df93bfcc8fcb9cd19c422d121bc2ba07f18
[2025-12-16 18:43:45.235] [global] [info] [git_source_control.cc:522] failed to compute merge base - no merge base found
[2025-12-16 18:44:18.788] [global] [info] [git_source_control.cc:517] Computing merge base between 2504d6ab695c755fbb90209ae3ebd979889a7a23 and 2ade3df93bfcc8fcb9cd19c422d121bc2ba07f18
[2025-12-16 18:44:18.838] [global] [info] [git_source_control.cc:522] failed to compute merge base - no merge base found
[2025-12-16 18:46:08.468] [global] [info] [git_source_control.cc:517] Computing merge base between 2504d6ab695c755fbb90209ae3ebd979889a7a23 and 2ade3df93bfcc8fcb9cd19c422d121bc2ba07f18
[2025-12-16 18:46:08.498] [global] [info] [git_source_control.cc:522] failed to compute merge base - no merge base found
[2025-12-16 18:46:12.384] [global] [info] [git_source_control.cc:517] Computing merge base between 2504d6ab695c755fbb90209ae3ebd979889a7a23 and 2ade3df93bfcc8fcb9cd19c422d121bc2ba07f18
[2025-12-16 18:46:12.385] [global] [info] [git_source_control.cc:522] failed to compute merge base - no merge base found
[2025-12-16 18:47:10.074] [global] [info] [git_source_control.cc:517] Computing merge base between 2504d6ab695c755fbb90209ae3ebd979889a7a23 and 2ade3df93bfcc8fcb9cd19c422d121bc2ba07f18
[2025-12-16 18:47:10.109] [global] [info] [git_source_control.cc:522] failed to compute merge base - no merge base found
[2025-12-16 18:47:12.897] [global] [info] [git_source_control.cc:517] Computing merge base between 2504d6ab695c755fbb90209ae3ebd979889a7a23 and 2ade3df93bfcc8fcb9cd19c422d121bc2ba07f18
[2025-12-16 18:47:12.899] [global] [info] [git_source_control.cc:522] failed to compute merge base - no merge base found
[2025-12-16 18:48:10.373] [global] [info] [git_source_control.cc:517] Computing merge base between 2504d6ab695c755fbb90209ae3ebd979889a7a23 and 2ade3df93bfcc8fcb9cd19c422d121bc2ba07f18
[2025-12-16 18:48:10.375] [global] [info] [git_source_control.cc:522] failed to compute merge base - no merge base found
[2025-12-16 18:48:12.798] [global] [info] [git_source_control.cc:517] Computing merge base between 2504d6ab695c755fbb90209ae3ebd979889a7a23 and 2ade3df93bfcc8fcb9cd19c422d121bc2ba07f18
[2025-12-16 18:48:12.799] [global] [info] [git_source_control.cc:522] failed to compute merge base - no merge base found
[2025-12-16 18:48:37.525] [global] [info] [git_source_control.cc:517] Computing merge base between 2504d6ab695c755fbb90209ae3ebd979889a7a23 and 2ade3df93bfcc8fcb9cd19c422d121bc2ba07f18
[2025-12-16 18:48:37.526] [global] [info] [git_source_control.cc:522] failed to compute merge base - no merge base found
[2025-12-16 18:48:39.548] [global] [info] [git_source_control.cc:517] Computing merge base between 2504d6ab695c755fbb90209ae3ebd979889a7a23 and 2ade3df93bfcc8fcb9cd19c422d121bc2ba07f18
[2025-12-16 18:48:39.551] [global] [info] [git_source_control.cc:522] failed to compute merge base - no merge base found
[2025-12-16 18:51:23.258] [global] [info] [git_source_control.cc:517] Computing merge base between 2504d6ab695c755fbb90209ae3ebd979889a7a23 and 2ade3df93bfcc8fcb9cd19c422d121bc2ba07f18
[2025-12-16 18:51:23.281] [global] [info] [git_source_control.cc:522] failed to compute merge base - no merge base found
[2025-12-16 18:51:26.298] [global] [info] [git_source_control.cc:517] Computing merge base between 2504d6ab695c755fbb90209ae3ebd979889a7a23 and 2ade3df93bfcc8fcb9cd19c422d121bc2ba07f18
[2025-12-16 18:51:26.300] [global] [info] [git_source_control.cc:522] failed to compute merge base - no merge base found
[2025-12-16 18:52:21.236] [global] [info] [git_source_control.cc:517] Computing merge base between 2504d6ab695c755fbb90209ae3ebd979889a7a23 and 2ade3df93bfcc8fcb9cd19c422d121bc2ba07f18
[2025-12-16 18:52:21.241] [global] [info] [git_source_control.cc:522] failed to compute merge base - no merge base found
[2025-12-16 18:53:43.672] [global] [info] [git_source_control.cc:517] Computing merge base between 2504d6ab695c755fbb90209ae3ebd979889a7a23 and 2ade3df93bfcc8fcb9cd19c422d121bc2ba07f18
[2025-12-16 18:53:43.706] [global] [info] [git_source_control.cc:522] failed to compute merge base - no merge base found
[2025-12-16 18:53:48.734] [global] [info] [git_source_control.cc:517] Computing merge base between 2504d6ab695c755fbb90209ae3ebd979889a7a23 and 2ade3df93bfcc8fcb9cd19c422d121bc2ba07f18
[2025-12-16 18:53:48.736] [global] [info] [git_source_control.cc:522] failed to compute merge base - no merge base found
[2025-12-16 18:53:55.093] [global] [info] [git_source_control.cc:517] Computing merge base between 2504d6ab695c755fbb90209ae3ebd979889a7a23 and 2ade3df93bfcc8fcb9cd19c422d121bc2ba07f18
[2025-12-16 18:53:55.094] [global] [info] [git_source_control.cc:522] failed to compute merge base - no merge base found
[2025-12-16 18:53:55.963] [global] [info] [git_source_control.cc:517] Computing merge base between 2504d6ab695c755fbb90209ae3ebd979889a7a23 and 2ade3df93bfcc8fcb9cd19c422d121bc2ba07f18
[2025-12-16 18:53:55.964] [global] [info] [git_source_control.cc:522] failed to compute merge base - no merge base found
[2025-12-16 18:53:57.159] [global] [info] [git_source_control.cc:517] Computing merge base between 2504d6ab695c755fbb90209ae3ebd979889a7a23 and 2ade3df93bfcc8fcb9cd19c422d121bc2ba07f18
[2025-12-16 18:53:57.160] [global] [info] [git_source_control.cc:522] failed to compute merge base - no merge base found
[2025-12-16 18:53:58.042] [global] [info] [git_source_control.cc:517] Computing merge base between 2504d6ab695c755fbb90209ae3ebd979889a7a23 and 2ade3df93bfcc8fcb9cd19c422d121bc2ba07f18
[2025-12-16 18:53:58.043] [global] [info] [git_source_control.cc:522] failed to compute merge base - no merge base found
[2025-12-16 18:53:59.149] [global] [info] [git_source_control.cc:517] Computing merge base between 2504d6ab695c755fbb90209ae3ebd979889a7a23 and 2ade3df93bfcc8fcb9cd19c422d121bc2ba07f18
[2025-12-16 18:53:59.150] [global] [info] [git_source_control.cc:522] failed to compute merge base - no merge base found
[2025-12-16 18:54:47.563] [global] [info] [git_source_control.cc:517] Computing merge base between 2504d6ab695c755fbb90209ae3ebd979889a7a23 and 2ade3df93bfcc8fcb9cd19c422d121bc2ba07f18
[2025-12-16 18:54:47.626] [global] [info] [git_source_control.cc:522] failed to compute merge base - no merge base found
[2025-12-16 18:55:52.213] [global] [info] [git_source_control.cc:517] Computing merge base between 2504d6ab695c755fbb90209ae3ebd979889a7a23 and 2ade3df93bfcc8fcb9cd19c422d121bc2ba07f18
[2025-12-16 18:55:52.248] [global] [info] [git_source_control.cc:522] failed to compute merge base - no merge base found
[2025-12-16 18:56:13.617] [global] [info] [git_source_control.cc:517] Computing merge base between 2504d6ab695c755fbb90209ae3ebd979889a7a23 and 2ade3df93bfcc8fcb9cd19c422d121bc2ba07f18
[2025-12-16 18:56:13.618] [global] [info] [git_source_control.cc:522] failed to compute merge base - no merge base found
[2025-12-16 18:59:13.051] [global] [info] [git_source_control.cc:517] Computing merge base between 2504d6ab695c755fbb90209ae3ebd979889a7a23 and 2ade3df93bfcc8fcb9cd19c422d121bc2ba07f18
[2025-12-16 18:59:13.097] [global] [info] [git_source_control.cc:522] failed to compute merge base - no merge base found
[2025-12-16 18:59:59.971] [global] [info] [git_source_control.cc:517] Computing merge base between 2504d6ab695c755fbb90209ae3ebd979889a7a23 and 2ade3df93bfcc8fcb9cd19c422d121bc2ba07f18
[2025-12-16 18:59:59.983] [global] [info] [git_source_control.cc:522] failed to compute merge base - no merge base found
[2025-12-16 19:00:03.946] [global] [info] [git_source_control.cc:517] Computing merge base between 2504d6ab695c755fbb90209ae3ebd979889a7a23 and 2ade3df93bfcc8fcb9cd19c422d121bc2ba07f18
[2025-12-16 19:00:03.949] [global] [info] [git_source_control.cc:522] failed to compute merge base - no merge base found
[2025-12-16 19:00:27.512] [global] [info] [git_source_control.cc:517] Computing merge base between 2504d6ab695c755fbb90209ae3ebd979889a7a23 and 2ade3df93bfcc8fcb9cd19c422d121bc2ba07f18
[2025-12-16 19:00:27.519] [global] [info] [git_source_control.cc:522] failed to compute merge base - no merge base found
[2025-12-16 19:00:28.874] [global] [info] [git_source_control.cc:517] Computing merge base between 2504d6ab695c755fbb90209ae3ebd979889a7a23 and 2ade3df93bfcc8fcb9cd19c422d121bc2ba07f18
[2025-12-16 19:00:28.876] [global] [info] [git_source_control.cc:522] failed to compute merge base - no merge base found
[2025-12-16 19:00:30.491] [global] [info] [git_source_control.cc:517] Computing merge base between 2504d6ab695c755fbb90209ae3ebd979889a7a23 and 2ade3df93bfcc8fcb9cd19c422d121bc2ba07f18
[2025-12-16 19:00:30.494] [global] [info] [git_source_control.cc:522] failed to compute merge base - no merge base found
[2025-12-16 19:01:30.990] [global] [info] [git_source_control.cc:517] Computing merge base between 2504d6ab695c755fbb90209ae3ebd979889a7a23 and 2ade3df93bfcc8fcb9cd19c422d121bc2ba07f18
[2025-12-16 19:01:31.020] [global] [info] [git_source_control.cc:522] failed to compute merge base - no merge base found
[2025-12-16 19:01:32.296] [global] [info] [git_source_control.cc:517] Computing merge base between 2504d6ab695c755fbb90209ae3ebd979889a7a23 and 2ade3df93bfcc8fcb9cd19c422d121bc2ba07f18
[2025-12-16 19:01:32.298] [global] [info] [git_source_control.cc:522] failed to compute merge base - no merge base found
[2025-12-16 19:01:59.270] [global] [info] [git_source_control.cc:517] Computing merge base between 2504d6ab695c755fbb90209ae3ebd979889a7a23 and 2ade3df93bfcc8fcb9cd19c422d121bc2ba07f18
[2025-12-16 19:01:59.303] [global] [info] [git_source_control.cc:522] failed to compute merge base - no merge base found
[2025-12-16 19:02:25.649] [global] [info] [git_source_control.cc:517] Computing merge base between 2504d6ab695c755fbb90209ae3ebd979889a7a23 and 2ade3df93bfcc8fcb9cd19c422d121bc2ba07f18
[2025-12-16 19:02:25.713] [global] [info] [git_source_control.cc:522] failed to compute merge base - no merge base found
[2025-12-16 19:04:04.364] [global] [info] [git_source_control.cc:517] Computing merge base between 2504d6ab695c755fbb90209ae3ebd979889a7a23 and 2ade3df93bfcc8fcb9cd19c422d121bc2ba07f18
[2025-12-16 19:04:04.406] [global] [info] [git_source_control.cc:522] failed to compute merge base - no merge base found
[2025-12-16 19:04:08.286] [global] [info] [git_source_control.cc:517] Computing merge base between 2504d6ab695c755fbb90209ae3ebd979889a7a23 and 2ade3df93bfcc8fcb9cd19c422d121bc2ba07f18
[2025-12-16 19:04:08.291] [global] [info] [git_source_control.cc:522] failed to compute merge base - no merge base found
[2025-12-16 19:05:05.328] [global] [info] [git_source_control.cc:517] Computing merge base between 2504d6ab695c755fbb90209ae3ebd979889a7a23 and 2ade3df93bfcc8fcb9cd19c422d121bc2ba07f18
[2025-12-16 19:05:05.365] [global] [info] [git_source_control.cc:522] failed to compute merge base - no merge base found
[2025-12-16 19:05:07.564] [global] [info] [git_source_control.cc:517] Computing merge base between 2504d6ab695c755fbb90209ae3ebd979889a7a23 and 2ade3df93bfcc8fcb9cd19c422d121bc2ba07f18
[2025-12-16 19:05:07.569] [global] [info] [git_source_control.cc:522] failed to compute merge base - no merge base found
[2025-12-16 19:05:09.366] [global] [info] [git_source_control.cc:517] Computing merge base between 2504d6ab695c755fbb90209ae3ebd979889a7a23 and 2ade3df93bfcc8fcb9cd19c422d121bc2ba07f18
[2025-12-16 19:05:09.369] [global] [info] [git_source_control.cc:522] failed to compute merge base - no merge base found
[2025-12-16 19:05:14.103] [global] [info] [git_source_control.cc:517] Computing merge base between 2504d6ab695c755fbb90209ae3ebd979889a7a23 and 2ade3df93bfcc8fcb9cd19c422d121bc2ba07f18
[2025-12-16 19:05:14.106] [global] [info] [git_source_control.cc:522] failed to compute merge base - no merge base found
[2025-12-16 19:06:48.015] [global] [info] [git_source_control.cc:517] Computing merge base between 2504d6ab695c755fbb90209ae3ebd979889a7a23 and 2ade3df93bfcc8fcb9cd19c422d121bc2ba07f18
[2025-12-16 19:06:48.049] [global] [info] [git_source_control.cc:522] failed to compute merge base - no merge base found
[2025-12-16 19:07:03.136] [global] [info] [git_source_control.cc:517] Computing merge base between 2504d6ab695c755fbb90209ae3ebd979889a7a23 and 2ade3df93bfcc8fcb9cd19c422d121bc2ba07f18
[2025-12-16 19:07:03.137] [global] [info] [git_source_control.cc:522] failed to compute merge base - no merge base found
[2025-12-16 19:07:05.166] [global] [info] [git_source_control.cc:517] Computing merge base between 2504d6ab695c755fbb90209ae3ebd979889a7a23 and 2ade3df93bfcc8fcb9cd19c422d121bc2ba07f18
[2025-12-16 19:07:05.168] [global] [info] [git_source_control.cc:522] failed to compute merge base - no merge base found
[2025-12-16 19:08:36.688] [global] [info] [git_source_control.cc:517] Computing merge base between 2504d6ab695c755fbb90209ae3ebd979889a7a23 and 2ade3df93bfcc8fcb9cd19c422d121bc2ba07f18
[2025-12-16 19:08:36.733] [global] [info] [git_source_control.cc:522] failed to compute merge base - no merge base found
[2025-12-16 19:08:39.207] [global] [info] [git_source_control.cc:517] Computing merge base between 2504d6ab695c755fbb90209ae3ebd979889a7a23 and 2ade3df93bfcc8fcb9cd19c422d121bc2ba07f18
[2025-12-16 19:08:39.210] [global] [info] [git_source_control.cc:522] failed to compute merge base - no merge base found
[2025-12-16 19:16:31.163] [global] [info] [git_source_control.cc:517] Computing merge base between 2504d6ab695c755fbb90209ae3ebd979889a7a23 and 2ade3df93bfcc8fcb9cd19c422d121bc2ba07f18
[2025-12-16 19:16:31.212] [global] [info] [git_source_control.cc:522] failed to compute merge base - no merge base found
[2025-12-16 19:16:35.086] [global] [info] [git_source_control.cc:517] Computing merge base between 2504d6ab695c755fbb90209ae3ebd979889a7a23 and 2ade3df93bfcc8fcb9cd19c422d121bc2ba07f18
[2025-12-16 19:16:35.086] [global] [info] [git_source_control.cc:522] failed to compute merge base - no merge base found
[2025-12-16 19:16:37.869] [global] [info] [git_source_control.cc:517] Computing merge base between 2504d6ab695c755fbb90209ae3ebd979889a7a23 and 2ade3df93bfcc8fcb9cd19c422d121bc2ba07f18
[2025-12-16 19:16:37.872] [global] [info] [git_source_control.cc:522] failed to compute merge base - no merge base found
[2025-12-16 19:16:41.297] [global] [info] [git_source_control.cc:517] Computing merge base between 2504d6ab695c755fbb90209ae3ebd979889a7a23 and 2ade3df93bfcc8fcb9cd19c422d121bc2ba07f18
[2025-12-16 19:16:41.298] [global] [info] [git_source_control.cc:522] failed to compute merge base - no merge base found
[2025-12-16 19:17:41.210] [global] [info] [git_source_control.cc:517] Computing merge base between 2504d6ab695c755fbb90209ae3ebd979889a7a23 and 2ade3df93bfcc8fcb9cd19c422d121bc2ba07f18
[2025-12-16 19:17:41.221] [global] [info] [git_source_control.cc:522] failed to compute merge base - no merge base found
[2025-12-16 19:17:44.272] [global] [info] [git_source_control.cc:517] Computing merge base between 2504d6ab695c755fbb90209ae3ebd979889a7a23 and 2ade3df93bfcc8fcb9cd19c422d121bc2ba07f18
[2025-12-16 19:17:44.273] [global] [info] [git_source_control.cc:522] failed to compute merge base - no merge base found
[2025-12-16 19:17:45.685] [global] [info] [git_source_control.cc:517] Computing merge base between 2504d6ab695c755fbb90209ae3ebd979889a7a23 and 2ade3df93bfcc8fcb9cd19c422d121bc2ba07f18
[2025-12-16 19:17:45.687] [global] [info] [git_source_control.cc:522] failed to compute merge base - no merge base found
[2025-12-16 19:18:03.853] [global] [info] [git_source_control.cc:517] Computing merge base between 2504d6ab695c755fbb90209ae3ebd979889a7a23 and 2ade3df93bfcc8fcb9cd19c422d121bc2ba07f18
[2025-12-16 19:18:03.858] [global] [info] [git_source_control.cc:522] failed to compute merge base - no merge base found
[2025-12-16 19:18:07.287] [global] [info] [windows_monitor_impl.cc:153] monitor ReadDirectoryChangesW overflowed, recrawling
[2025-12-16 19:18:09.402] [global] [info] [git_source_control.cc:517] Computing merge base between 2504d6ab695c755fbb90209ae3ebd979889a7a23 and 2ade3df93bfcc8fcb9cd19c422d121bc2ba07f18
[2025-12-16 19:18:09.406] [global] [info] [git_source_control.cc:522] failed to compute merge base - no merge base found
[2025-12-16 19:18:28.091] [global] [info] [git_source_control.cc:517] Computing merge base between 2504d6ab695c755fbb90209ae3ebd979889a7a23 and 2ade3df93bfcc8fcb9cd19c422d121bc2ba07f18
[2025-12-16 19:18:28.098] [global] [info] [git_source_control.cc:522] failed to compute merge base - no merge base found
[2025-12-16 19:19:36.460] [global] [info] [git_source_control.cc:517] Computing merge base between 2504d6ab695c755fbb90209ae3ebd979889a7a23 and 2ade3df93bfcc8fcb9cd19c422d121bc2ba07f18
[2025-12-16 19:19:36.518] [global] [info] [git_source_control.cc:522] failed to compute merge base - no merge base found
[2025-12-16 19:19:39.154] [global] [info] [git_source_control.cc:517] Computing merge base between 2504d6ab695c755fbb90209ae3ebd979889a7a23 and 2ade3df93bfcc8fcb9cd19c422d121bc2ba07f18
[2025-12-16 19:19:39.156] [global] [info] [git_source_control.cc:522] failed to compute merge base - no merge base found
[2025-12-16 19:21:03.257] [global] [info] [git_source_control.cc:517] Computing merge base between 2504d6ab695c755fbb90209ae3ebd979889a7a23 and 2ade3df93bfcc8fcb9cd19c422d121bc2ba07f18
[2025-12-16 19:21:03.263] [global] [info] [git_source_control.cc:522] failed to compute merge base - no merge base found
[2025-12-16 19:22:24.332] [global] [info] [git_source_control.cc:517] Computing merge base between 2504d6ab695c755fbb90209ae3ebd979889a7a23 and 2ade3df93bfcc8fcb9cd19c422d121bc2ba07f18
[2025-12-16 19:22:24.394] [global] [info] [git_source_control.cc:522] failed to compute merge base - no merge base found
[2025-12-16 19:22:31.566] [global] [info] [git_source_control.cc:517] Computing merge base between 2504d6ab695c755fbb90209ae3ebd979889a7a23 and 2ade3df93bfcc8fcb9cd19c422d121bc2ba07f18
[2025-12-16 19:22:31.568] [global] [info] [git_source_control.cc:522] failed to compute merge base - no merge base found
[2025-12-16 19:24:16.915] [global] [info] [git_source_control.cc:517] Computing merge base between 2504d6ab695c755fbb90209ae3ebd979889a7a23 and 2ade3df93bfcc8fcb9cd19c422d121bc2ba07f18
[2025-12-16 19:24:16.987] [global] [info] [git_source_control.cc:522] failed to compute merge base - no merge base found
[2025-12-16 19:24:21.945] [global] [info] [git_source_control.cc:517] Computing merge base between 2504d6ab695c755fbb90209ae3ebd979889a7a23 and 2ade3df93bfcc8fcb9cd19c422d121bc2ba07f18
[2025-12-16 19:24:21.954] [global] [info] [git_source_control.cc:522] failed to compute merge base - no merge base found
[2025-12-16 19:24:39.653] [global] [info] [runner.cc:154] Executing action trunk-upgrade-available.schedule.1h
[2025-12-16 19:24:41.737] [global] [info] [grpc.cc:22] RX:virtual grpc::Status trunk::cli::UpgradeService::GetAvailableUpgrades(grpc::ServerContext *, const upgrade::proto::v1::GetAvailableUpgradesRequest *, grpc::ServerWriter<upgrade::proto::v1::GetAvailableUpgradesResponse> *)
[2025-12-16 19:24:41.762] [global] [info] [cli_upgrade.cc:85] Checking for latest trunk prod version...
[2025-12-16 19:24:41.767] [global] [info] [plugin_upgrade.cc:71] Querying latest version for plugin trunk
[2025-12-16 19:24:43.819] [global] [info] [cli_upgrade.cc:92] Successfully fetched latest trunk 1.25.0 version: prod
[2025-12-16 19:25:03.055] [global] [warning] [release.cc:76] Querying ReleaseVersionService failed with message Endpoint is deprecated
[2025-12-16 19:25:03.571] [global] [warning] [release.cc:142] Querying validated version from ReleaseVersionService failed with message Endpoint is deprecated
[2025-12-16 19:25:03.577] [global] [info] [linter.cc:1078] Validated version for oxipng not provided, or bypassed. Using fallback
[2025-12-16 19:25:03.578] [global] [info] [linter.cc:1078] Validated version for osv-scanner not provided, or bypassed. Using fallback
[2025-12-16 19:25:03.578] [global] [info] [linter.cc:1078] Validated version for checkov not provided, or bypassed. Using fallback
[2025-12-16 19:25:03.578] [global] [info] [linter.cc:1078] Validated version for markdownlint not provided, or bypassed. Using fallback
[2025-12-16 19:25:03.591] [global] [warning] [resolve_binary.cc:46] is_regular_file check failed for for C:\Users\guido\AppData\Local\trunk\tools\node\22.16.0-12da8a4c27b144aedaf7d975e067667c/bin\npm.bat // 3:El sistema no puede encontrar la ruta especificada.
[2025-12-16 19:25:03.591] [global] [warning] [resolve_binary.cc:46] is_regular_file check failed for for C:\Users\guido\AppData\Local\trunk\tools\node\22.16.0-12da8a4c27b144aedaf7d975e067667c/bin\npm // 3:El sistema no puede encontrar la ruta especificada.
[2025-12-16 19:25:03.591] [global] [warning] [resolve_binary.cc:46] is_regular_file check failed for for C:\Users\guido\AppData\Local\trunk\tools\node\22.16.0-12da8a4c27b144aedaf7d975e067667c/bin\npm.exe // 3:El sistema no puede encontrar la ruta especificada.
[2025-12-16 19:25:04.206] [global] [info] [linter.cc:1078] Validated version for prettier not provided, or bypassed. Using fallback
[2025-12-16 19:25:04.208] [global] [warning] [resolve_binary.cc:46] is_regular_file check failed for for C:\Users\guido\AppData\Local\trunk\tools\node\22.16.0-12da8a4c27b144aedaf7d975e067667c/bin\npm.bat // 3:El sistema no puede encontrar la ruta especificada.
[2025-12-16 19:25:04.208] [global] [warning] [resolve_binary.cc:46] is_regular_file check failed for for C:\Users\guido\AppData\Local\trunk\tools\node\22.16.0-12da8a4c27b144aedaf7d975e067667c/bin\npm // 3:El sistema no puede encontrar la ruta especificada.
[2025-12-16 19:25:04.208] [global] [warning] [resolve_binary.cc:46] is_regular_file check failed for for C:\Users\guido\AppData\Local\trunk\tools\node\22.16.0-12da8a4c27b144aedaf7d975e067667c/bin\npm.exe // 3:El sistema no puede encontrar la ruta especificada.
[2025-12-16 19:25:12.437] [global] [info] [linter.cc:1078] Validated version for trufflehog not provided, or bypassed. Using fallback
[2025-12-16 19:25:12.777] [global] [info] [linter.cc:1078] Validated version for yamllint not provided, or bypassed. Using fallback
[2025-12-16 19:25:12.965] [global] [info] [linter.cc:1791] Found config in plugin repo at C:\Users\guido\AppData\Local\trunk\plugins\https---github-com-trunk-io-plugins\v1.7.4-4ebadccd80b22638\linters\yamllint\.yamllint.yaml
[2025-12-16 19:25:24.736] [global] [warning] [release.cc:76] Querying ReleaseVersionService failed with message Endpoint is deprecated
[2025-12-16 19:25:24.736] [global] [warning] [release.cc:76] Querying ReleaseVersionService failed with message Endpoint is deprecated
[2025-12-16 19:25:33.636] [global] [warning] [release.cc:76] Querying ReleaseVersionService failed with message Endpoint is deprecated
[2025-12-16 19:25:35.262] [global] [info] [grpc.cc:26] TX:virtual grpc::Status trunk::cli::UpgradeService::GetAvailableUpgrades(grpc::ServerContext *, const upgrade::proto::v1::GetAvailableUpgradesRequest *, grpc::ServerWriter<upgrade::proto::v1::GetAvailableUpgradesResponse> *) status=OK
[2025-12-16 19:25:36.397] [global] [info] [notification_manager.cc:37] Writing to C:\Users\guido\Documents\Proyectos\club\clubFront\.trunk\notifications\trunk-upgrade.yaml
[2025-12-16 19:28:49.728] [global] [info] [git_source_control.cc:517] Computing merge base between 2504d6ab695c755fbb90209ae3ebd979889a7a23 and 2ade3df93bfcc8fcb9cd19c422d121bc2ba07f18
[2025-12-16 19:28:50.039] [global] [info] [git_source_control.cc:522] failed to compute merge base - no merge base found
[2025-12-16 19:28:53.074] [global] [info] [git_source_control.cc:517] Computing merge base between 2504d6ab695c755fbb90209ae3ebd979889a7a23 and 2ade3df93bfcc8fcb9cd19c422d121bc2ba07f18
[2025-12-16 19:28:53.076] [global] [info] [git_source_control.cc:522] failed to compute merge base - no merge base found
[2025-12-16 19:28:56.302] [global] [info] [git_source_control.cc:517] Computing merge base between 2504d6ab695c755fbb90209ae3ebd979889a7a23 and 2ade3df93bfcc8fcb9cd19c422d121bc2ba07f18
[2025-12-16 19:28:56.304] [global] [info] [git_source_control.cc:522] failed to compute merge base - no merge base found
[2025-12-16 19:29:19.849] [global] [info] [git_source_control.cc:517] Computing merge base between 8babfa7b1fef35a416db49856c4a8dfa3487fc85 and 2ade3df93bfcc8fcb9cd19c422d121bc2ba07f18
[2025-12-16 19:29:19.855] [global] [info] [git_source_control.cc:522] failed to compute merge base - no merge base found
[2025-12-16 19:29:27.569] [global] [info] [git_source_control.cc:517] Computing merge base between 8babfa7b1fef35a416db49856c4a8dfa3487fc85 and 2ade3df93bfcc8fcb9cd19c422d121bc2ba07f18
[2025-12-16 19:29:27.571] [global] [info] [git_source_control.cc:522] failed to compute merge base - no merge base found
[2025-12-16 19:29:29.233] [global] [info] [git_source_control.cc:517] Computing merge base between 8babfa7b1fef35a416db49856c4a8dfa3487fc85 and 2ade3df93bfcc8fcb9cd19c422d121bc2ba07f18
[2025-12-16 19:29:29.234] [global] [info] [git_source_control.cc:522] failed to compute merge base - no merge base found
[2025-12-16 19:29:30.319] [global] [info] [git_source_control.cc:517] Computing merge base between 8babfa7b1fef35a416db49856c4a8dfa3487fc85 and 2ade3df93bfcc8fcb9cd19c422d121bc2ba07f18
[2025-12-16 19:29:30.321] [global] [info] [git_source_control.cc:522] failed to compute merge base - no merge base found
[2025-12-16 20:24:39.651] [global] [info] [runner.cc:154] Executing action trunk-upgrade-available.schedule.1h
[2025-12-16 20:24:40.458] [global] [info] [grpc.cc:22] RX:virtual grpc::Status trunk::cli::UpgradeService::GetAvailableUpgrades(grpc::ServerContext *, const upgrade::proto::v1::GetAvailableUpgradesRequest *, grpc::ServerWriter<upgrade::proto::v1::GetAvailableUpgradesResponse> *)
[2025-12-16 20:24:40.465] [global] [info] [cli_upgrade.cc:85] Checking for latest trunk prod version...
[2025-12-16 20:24:40.468] [global] [info] [plugin_upgrade.cc:71] Querying latest version for plugin trunk
[2025-12-16 20:24:42.662] [global] [info] [cli_upgrade.cc:92] Successfully fetched latest trunk 1.25.0 version: prod
[2025-12-16 20:25:02.098] [global] [warning] [release.cc:142] Querying validated version from ReleaseVersionService failed with message Endpoint is deprecated
[2025-12-16 20:25:02.101] [global] [info] [linter.cc:1078] Validated version for osv-scanner not provided, or bypassed. Using fallback
[2025-12-16 20:25:02.101] [global] [info] [linter.cc:1078] Validated version for checkov not provided, or bypassed. Using fallback
[2025-12-16 20:25:02.101] [global] [info] [linter.cc:1078] Validated version for markdownlint not provided, or bypassed. Using fallback
[2025-12-16 20:25:02.102] [global] [info] [linter.cc:1078] Validated version for prettier not provided, or bypassed. Using fallback
[2025-12-16 20:25:02.107] [global] [warning] [resolve_binary.cc:46] is_regular_file check failed for for C:\Users\guido\AppData\Local\trunk\tools\node\22.16.0-12da8a4c27b144aedaf7d975e067667c/bin\npm.bat // 3:El sistema no puede encontrar la ruta especificada.
[2025-12-16 20:25:02.107] [global] [warning] [resolve_binary.cc:46] is_regular_file check failed for for C:\Users\guido\AppData\Local\trunk\tools\node\22.16.0-12da8a4c27b144aedaf7d975e067667c/bin\npm // 3:El sistema no puede encontrar la ruta especificada.
[2025-12-16 20:25:02.107] [global] [warning] [resolve_binary.cc:46] is_regular_file check failed for for C:\Users\guido\AppData\Local\trunk\tools\node\22.16.0-12da8a4c27b144aedaf7d975e067667c/bin\npm.exe // 3:El sistema no puede encontrar la ruta especificada.
[2025-12-16 20:25:02.108] [global] [warning] [resolve_binary.cc:46] is_regular_file check failed for for C:\Users\guido\AppData\Local\trunk\tools\node\22.16.0-12da8a4c27b144aedaf7d975e067667c/bin\npm.bat // 3:El sistema no puede encontrar la ruta especificada.
[2025-12-16 20:25:02.108] [global] [warning] [resolve_binary.cc:46] is_regular_file check failed for for C:\Users\guido\AppData\Local\trunk\tools\node\22.16.0-12da8a4c27b144aedaf7d975e067667c/bin\npm // 3:El sistema no puede encontrar la ruta especificada.
[2025-12-16 20:25:02.108] [global] [warning] [resolve_binary.cc:46] is_regular_file check failed for for C:\Users\guido\AppData\Local\trunk\tools\node\22.16.0-12da8a4c27b144aedaf7d975e067667c/bin\npm.exe // 3:El sistema no puede encontrar la ruta especificada.
[2025-12-16 20:25:02.553] [global] [info] [linter.cc:1078] Validated version for trufflehog not provided, or bypassed. Using fallback
[2025-12-16 20:25:02.637] [global] [warning] [release.cc:76] Querying ReleaseVersionService failed with message Endpoint is deprecated
[2025-12-16 20:25:05.349] [global] [info] [linter.cc:1078] Validated version for oxipng not provided, or bypassed. Using fallback
[2025-12-16 20:25:05.354] [global] [info] [linter.cc:1078] Validated version for yamllint not provided, or bypassed. Using fallback
[2025-12-16 20:25:05.504] [global] [info] [linter.cc:1791] Found config in plugin repo at C:\Users\guido\AppData\Local\trunk\plugins\https---github-com-trunk-io-plugins\v1.7.4-4ebadccd80b22638\linters\yamllint\.yamllint.yaml
[2025-12-16 20:25:23.255] [global] [warning] [release.cc:76] Querying ReleaseVersionService failed with message Endpoint is deprecated
[2025-12-16 20:25:23.670] [global] [warning] [release.cc:76] Querying ReleaseVersionService failed with message Endpoint is deprecated
[2025-12-16 20:25:26.469] [global] [warning] [release.cc:76] Querying ReleaseVersionService failed with message Endpoint is deprecated
[2025-12-16 20:25:27.194] [global] [info] [grpc.cc:26] TX:virtual grpc::Status trunk::cli::UpgradeService::GetAvailableUpgrades(grpc::ServerContext *, const upgrade::proto::v1::GetAvailableUpgradesRequest *, grpc::ServerWriter<upgrade::proto::v1::GetAvailableUpgradesResponse> *) status=OK
[2025-12-16 20:25:28.745] [global] [info] [notification_manager.cc:37] Writing to C:\Users\guido\Documents\Proyectos\club\clubFront\.trunk\notifications\trunk-upgrade.yaml
[2025-12-16 21:24:39.657] [global] [info] [runner.cc:154] Executing action trunk-upgrade-available.schedule.1h
[2025-12-16 21:24:40.379] [global] [info] [grpc.cc:22] RX:virtual grpc::Status trunk::cli::UpgradeService::GetAvailableUpgrades(grpc::ServerContext *, const upgrade::proto::v1::GetAvailableUpgradesRequest *, grpc::ServerWriter<upgrade::proto::v1::GetAvailableUpgradesResponse> *)
[2025-12-16 21:24:40.389] [global] [info] [cli_upgrade.cc:85] Checking for latest trunk prod version...
[2025-12-16 21:24:40.392] [global] [info] [plugin_upgrade.cc:71] Querying latest version for plugin trunk
[2025-12-16 21:24:41.368] [global] [info] [cli_upgrade.cc:92] Successfully fetched latest trunk 1.25.0 version: prod
[2025-12-16 21:25:01.864] [global] [warning] [release.cc:142] Querying validated version from ReleaseVersionService failed with message Endpoint is deprecated
[2025-12-16 21:25:01.867] [global] [info] [linter.cc:1078] Validated version for oxipng not provided, or bypassed. Using fallback
[2025-12-16 21:25:01.867] [global] [info] [linter.cc:1078] Validated version for markdownlint not provided, or bypassed. Using fallback
[2025-12-16 21:25:01.867] [global] [info] [linter.cc:1078] Validated version for checkov not provided, or bypassed. Using fallback
[2025-12-16 21:25:01.868] [global] [info] [linter.cc:1078] Validated version for prettier not provided, or bypassed. Using fallback
[2025-12-16 21:25:01.874] [global] [warning] [resolve_binary.cc:46] is_regular_file check failed for for C:\Users\guido\AppData\Local\trunk\tools\node\22.16.0-12da8a4c27b144aedaf7d975e067667c/bin\npm.bat // 3:El sistema no puede encontrar la ruta especificada.
[2025-12-16 21:25:01.874] [global] [warning] [resolve_binary.cc:46] is_regular_file check failed for for C:\Users\guido\AppData\Local\trunk\tools\node\22.16.0-12da8a4c27b144aedaf7d975e067667c/bin\npm.bat // 3:El sistema no puede encontrar la ruta especificada.
[2025-12-16 21:25:01.874] [global] [warning] [resolve_binary.cc:46] is_regular_file check failed for for C:\Users\guido\AppData\Local\trunk\tools\node\22.16.0-12da8a4c27b144aedaf7d975e067667c/bin\npm // 3:El sistema no puede encontrar la ruta especificada.
[2025-12-16 21:25:01.874] [global] [warning] [resolve_binary.cc:46] is_regular_file check failed for for C:\Users\guido\AppData\Local\trunk\tools\node\22.16.0-12da8a4c27b144aedaf7d975e067667c/bin\npm // 3:El sistema no puede encontrar la ruta especificada.
[2025-12-16 21:25:01.874] [global] [warning] [resolve_binary.cc:46] is_regular_file check failed for for C:\Users\guido\AppData\Local\trunk\tools\node\22.16.0-12da8a4c27b144aedaf7d975e067667c/bin\npm.exe // 3:El sistema no puede encontrar la ruta especificada.
[2025-12-16 21:25:01.874] [global] [warning] [resolve_binary.cc:46] is_regular_file check failed for for C:\Users\guido\AppData\Local\trunk\tools\node\22.16.0-12da8a4c27b144aedaf7d975e067667c/bin\npm.exe // 3:El sistema no puede encontrar la ruta especificada.
[2025-12-16 21:25:02.367] [global] [info] [linter.cc:1078] Validated version for trufflehog not provided, or bypassed. Using fallback
[2025-12-16 21:25:02.589] [global] [warning] [release.cc:76] Querying ReleaseVersionService failed with message Endpoint is deprecated
[2025-12-16 21:25:04.703] [global] [info] [linter.cc:1078] Validated version for osv-scanner not provided, or bypassed. Using fallback
[2025-12-16 21:25:04.718] [global] [info] [linter.cc:1078] Validated version for yamllint not provided, or bypassed. Using fallback
[2025-12-16 21:25:04.834] [global] [info] [linter.cc:1791] Found config in plugin repo at C:\Users\guido\AppData\Local\trunk\plugins\https---github-com-trunk-io-plugins\v1.7.4-4ebadccd80b22638\linters\yamllint\.yamllint.yaml
[2025-12-16 21:25:23.026] [global] [warning] [release.cc:76] Querying ReleaseVersionService failed with message Endpoint is deprecated
[2025-12-16 21:25:23.465] [global] [warning] [release.cc:76] Querying ReleaseVersionService failed with message Endpoint is deprecated
[2025-12-16 21:25:25.878] [global] [warning] [release.cc:76] Querying ReleaseVersionService failed with message Endpoint is deprecated
[2025-12-16 21:25:26.362] [global] [info] [grpc.cc:26] TX:virtual grpc::Status trunk::cli::UpgradeService::GetAvailableUpgrades(grpc::ServerContext *, const upgrade::proto::v1::GetAvailableUpgradesRequest *, grpc::ServerWriter<upgrade::proto::v1::GetAvailableUpgradesResponse> *) status=OK
[2025-12-16 21:25:27.849] [global] [info] [notification_manager.cc:37] Writing to C:\Users\guido\Documents\Proyectos\club\clubFront\.trunk\notifications\trunk-upgrade.yaml
[2025-12-16 22:24:39.649] [global] [info] [runner.cc:154] Executing action trunk-upgrade-available.schedule.1h
[2025-12-16 22:24:40.441] [global] [info] [grpc.cc:22] RX:virtual grpc::Status trunk::cli::UpgradeService::GetAvailableUpgrades(grpc::ServerContext *, const upgrade::proto::v1::GetAvailableUpgradesRequest *, grpc::ServerWriter<upgrade::proto::v1::GetAvailableUpgradesResponse> *)
[2025-12-16 22:24:40.448] [global] [info] [cli_upgrade.cc:85] Checking for latest trunk prod version...
[2025-12-16 22:24:40.453] [global] [info] [plugin_upgrade.cc:71] Querying latest version for plugin trunk
[2025-12-16 22:24:41.460] [global] [info] [cli_upgrade.cc:92] Successfully fetched latest trunk 1.25.0 version: prod
[2025-12-16 22:25:01.908] [global] [warning] [release.cc:142] Querying validated version from ReleaseVersionService failed with message Endpoint is deprecated
[2025-12-16 22:25:01.911] [global] [info] [linter.cc:1078] Validated version for oxipng not provided, or bypassed. Using fallback
[2025-12-16 22:25:01.911] [global] [info] [linter.cc:1078] Validated version for checkov not provided, or bypassed. Using fallback
[2025-12-16 22:25:01.912] [global] [info] [linter.cc:1078] Validated version for markdownlint not provided, or bypassed. Using fallback
[2025-12-16 22:25:01.912] [global] [info] [linter.cc:1078] Validated version for prettier not provided, or bypassed. Using fallback
[2025-12-16 22:25:01.918] [global] [warning] [resolve_binary.cc:46] is_regular_file check failed for for C:\Users\guido\AppData\Local\trunk\tools\node\22.16.0-12da8a4c27b144aedaf7d975e067667c/bin\npm.bat // 3:El sistema no puede encontrar la ruta especificada.
[2025-12-16 22:25:01.919] [global] [warning] [resolve_binary.cc:46] is_regular_file check failed for for C:\Users\guido\AppData\Local\trunk\tools\node\22.16.0-12da8a4c27b144aedaf7d975e067667c/bin\npm.bat // 3:El sistema no puede encontrar la ruta especificada.
[2025-12-16 22:25:01.919] [global] [warning] [resolve_binary.cc:46] is_regular_file check failed for for C:\Users\guido\AppData\Local\trunk\tools\node\22.16.0-12da8a4c27b144aedaf7d975e067667c/bin\npm // 3:El sistema no puede encontrar la ruta especificada.
[2025-12-16 22:25:01.919] [global] [warning] [resolve_binary.cc:46] is_regular_file check failed for for C:\Users\guido\AppData\Local\trunk\tools\node\22.16.0-12da8a4c27b144aedaf7d975e067667c/bin\npm.exe // 3:El sistema no puede encontrar la ruta especificada.
[2025-12-16 22:25:01.919] [global] [warning] [resolve_binary.cc:46] is_regular_file check failed for for C:\Users\guido\AppData\Local\trunk\tools\node\22.16.0-12da8a4c27b144aedaf7d975e067667c/bin\npm // 3:El sistema no puede encontrar la ruta especificada.
[2025-12-16 22:25:01.919] [global] [warning] [resolve_binary.cc:46] is_regular_file check failed for for C:\Users\guido\AppData\Local\trunk\tools\node\22.16.0-12da8a4c27b144aedaf7d975e067667c/bin\npm.exe // 3:El sistema no puede encontrar la ruta especificada.
[2025-12-16 22:25:02.311] [global] [info] [linter.cc:1078] Validated version for trufflehog not provided, or bypassed. Using fallback
[2025-12-16 22:25:02.636] [global] [warning] [release.cc:76] Querying ReleaseVersionService failed with message Endpoint is deprecated
[2025-12-16 22:25:04.977] [global] [info] [linter.cc:1078] Validated version for osv-scanner not provided, or bypassed. Using fallback
[2025-12-16 22:25:05.034] [global] [info] [linter.cc:1078] Validated version for yamllint not provided, or bypassed. Using fallback
[2025-12-16 22:25:05.139] [global] [info] [linter.cc:1791] Found config in plugin repo at C:\Users\guido\AppData\Local\trunk\plugins\https---github-com-trunk-io-plugins\v1.7.4-4ebadccd80b22638\linters\yamllint\.yamllint.yaml
[2025-12-16 22:25:23.036] [global] [warning] [release.cc:76] Querying ReleaseVersionService failed with message Endpoint is deprecated
[2025-12-16 22:25:23.501] [global] [warning] [release.cc:76] Querying ReleaseVersionService failed with message Endpoint is deprecated
[2025-12-16 22:25:26.125] [global] [warning] [release.cc:76] Querying ReleaseVersionService failed with message Endpoint is deprecated
[2025-12-16 22:25:26.607] [global] [info] [grpc.cc:26] TX:virtual grpc::Status trunk::cli::UpgradeService::GetAvailableUpgrades(grpc::ServerContext *, const upgrade::proto::v1::GetAvailableUpgradesRequest *, grpc::ServerWriter<upgrade::proto::v1::GetAvailableUpgradesResponse> *) status=OK
[2025-12-16 22:25:27.082] [global] [info] [notification_manager.cc:37] Writing to C:\Users\guido\Documents\Proyectos\club\clubFront\.trunk\notifications\trunk-upgrade.yaml
[2025-12-16 23:24:39.659] [global] [info] [runner.cc:154] Executing action trunk-upgrade-available.schedule.1h
[2025-12-16 23:24:40.449] [global] [info] [grpc.cc:22] RX:virtual grpc::Status trunk::cli::UpgradeService::GetAvailableUpgrades(grpc::ServerContext *, const upgrade::proto::v1::GetAvailableUpgradesRequest *, grpc::ServerWriter<upgrade::proto::v1::GetAvailableUpgradesResponse> *)
[2025-12-16 23:24:40.459] [global] [info] [cli_upgrade.cc:85] Checking for latest trunk prod version...
[2025-12-16 23:24:40.465] [global] [info] [plugin_upgrade.cc:71] Querying latest version for plugin trunk
[2025-12-16 23:24:42.465] [global] [info] [cli_upgrade.cc:92] Successfully fetched latest trunk 1.25.0 version: prod
[2025-12-16 23:25:01.920] [global] [warning] [release.cc:142] Querying validated version from ReleaseVersionService failed with message Endpoint is deprecated
[2025-12-16 23:25:01.922] [global] [info] [linter.cc:1078] Validated version for trufflehog not provided, or bypassed. Using fallback
[2025-12-16 23:25:01.923] [global] [info] [linter.cc:1078] Validated version for checkov not provided, or bypassed. Using fallback
[2025-12-16 23:25:01.923] [global] [info] [linter.cc:1078] Validated version for markdownlint not provided, or bypassed. Using fallback
[2025-12-16 23:25:01.924] [global] [info] [linter.cc:1078] Validated version for prettier not provided, or bypassed. Using fallback
[2025-12-16 23:25:01.929] [global] [warning] [resolve_binary.cc:46] is_regular_file check failed for for C:\Users\guido\AppData\Local\trunk\tools\node\22.16.0-12da8a4c27b144aedaf7d975e067667c/bin\npm.bat // 3:El sistema no puede encontrar la ruta especificada.
[2025-12-16 23:25:01.929] [global] [warning] [resolve_binary.cc:46] is_regular_file check failed for for C:\Users\guido\AppData\Local\trunk\tools\node\22.16.0-12da8a4c27b144aedaf7d975e067667c/bin\npm.bat // 3:El sistema no puede encontrar la ruta especificada.
[2025-12-16 23:25:01.929] [global] [warning] [resolve_binary.cc:46] is_regular_file check failed for for C:\Users\guido\AppData\Local\trunk\tools\node\22.16.0-12da8a4c27b144aedaf7d975e067667c/bin\npm // 3:El sistema no puede encontrar la ruta especificada.
[2025-12-16 23:25:01.929] [global] [warning] [resolve_binary.cc:46] is_regular_file check failed for for C:\Users\guido\AppData\Local\trunk\tools\node\22.16.0-12da8a4c27b144aedaf7d975e067667c/bin\npm.exe // 3:El sistema no puede encontrar la ruta especificada.
[2025-12-16 23:25:01.929] [global] [warning] [resolve_binary.cc:46] is_regular_file check failed for for C:\Users\guido\AppData\Local\trunk\tools\node\22.16.0-12da8a4c27b144aedaf7d975e067667c/bin\npm // 3:El sistema no puede encontrar la ruta especificada.
[2025-12-16 23:25:01.930] [global] [warning] [resolve_binary.cc:46] is_regular_file check failed for for C:\Users\guido\AppData\Local\trunk\tools\node\22.16.0-12da8a4c27b144aedaf7d975e067667c/bin\npm.exe // 3:El sistema no puede encontrar la ruta especificada.
[2025-12-16 23:25:02.300] [global] [info] [linter.cc:1078] Validated version for osv-scanner not provided, or bypassed. Using fallback
[2025-12-16 23:25:02.649] [global] [warning] [release.cc:76] Querying ReleaseVersionService failed with message Endpoint is deprecated
[2025-12-16 23:25:05.101] [global] [info] [linter.cc:1078] Validated version for oxipng not provided, or bypassed. Using fallback
[2025-12-16 23:25:05.114] [global] [info] [linter.cc:1078] Validated version for yamllint not provided, or bypassed. Using fallback
[2025-12-16 23:25:05.217] [global] [info] [linter.cc:1791] Found config in plugin repo at C:\Users\guido\AppData\Local\trunk\plugins\https---github-com-trunk-io-plugins\v1.7.4-4ebadccd80b22638\linters\yamllint\.yamllint.yaml
[2025-12-16 23:25:23.046] [global] [warning] [release.cc:76] Querying ReleaseVersionService failed with message Endpoint is deprecated
[2025-12-16 23:25:23.422] [global] [warning] [release.cc:76] Querying ReleaseVersionService failed with message Endpoint is deprecated
[2025-12-16 23:25:26.266] [global] [warning] [release.cc:76] Querying ReleaseVersionService failed with message Endpoint is deprecated
[2025-12-16 23:25:27.330] [global] [info] [grpc.cc:26] TX:virtual grpc::Status trunk::cli::UpgradeService::GetAvailableUpgrades(grpc::ServerContext *, const upgrade::proto::v1::GetAvailableUpgradesRequest *, grpc::ServerWriter<upgrade::proto::v1::GetAvailableUpgradesResponse> *) status=OK
[2025-12-16 23:25:28.619] [global] [info] [notification_manager.cc:37] Writing to C:\Users\guido\Documents\Proyectos\club\clubFront\.trunk\notifications\trunk-upgrade.yaml
[2025-12-17 09:38:20.934] [global] [info] [runner.cc:154] Executing action trunk-upgrade-available.schedule.1h
[2025-12-17 09:38:20.944] [global] [info] [runner.cc:154] Executing action trunk-upgrade-available.schedule.1h
[2025-12-17 09:38:22.324] [global] [info] [grpc.cc:22] RX:virtual grpc::Status trunk::cli::UpgradeService::GetAvailableUpgrades(grpc::ServerContext *, const upgrade::proto::v1::GetAvailableUpgradesRequest *, grpc::ServerWriter<upgrade::proto::v1::GetAvailableUpgradesResponse> *)
[2025-12-17 09:38:22.335] [global] [info] [cli_upgrade.cc:85] Checking for latest trunk prod version...
[2025-12-17 09:38:22.338] [global] [info] [grpc.cc:22] RX:virtual grpc::Status trunk::cli::UpgradeService::GetAvailableUpgrades(grpc::ServerContext *, const upgrade::proto::v1::GetAvailableUpgradesRequest *, grpc::ServerWriter<upgrade::proto::v1::GetAvailableUpgradesResponse> *)
[2025-12-17 09:38:22.338] [global] [info] [plugin_upgrade.cc:71] Querying latest version for plugin trunk
[2025-12-17 09:38:22.342] [global] [info] [cli_upgrade.cc:85] Checking for latest trunk prod version...
[2025-12-17 09:38:22.343] [global] [info] [plugin_upgrade.cc:71] Querying latest version for plugin trunk
[2025-12-17 09:38:24.390] [global] [info] [cli_upgrade.cc:92] Successfully fetched latest trunk 1.25.0 version: prod
[2025-12-17 09:38:24.396] [global] [info] [cli_upgrade.cc:92] Successfully fetched latest trunk 1.25.0 version: prod
[2025-12-17 09:38:43.885] [global] [warning] [release.cc:142] Querying validated version from ReleaseVersionService failed with message Endpoint is deprecated
[2025-12-17 09:38:43.885] [global] [warning] [release.cc:142] Querying validated version from ReleaseVersionService failed with message Endpoint is deprecated
[2025-12-17 09:38:43.888] [global] [info] [linter.cc:1078] Validated version for osv-scanner not provided, or bypassed. Using fallback
[2025-12-17 09:38:43.888] [global] [info] [linter.cc:1078] Validated version for markdownlint not provided, or bypassed. Using fallback
[2025-12-17 09:38:43.888] [global] [info] [linter.cc:1078] Validated version for checkov not provided, or bypassed. Using fallback
[2025-12-17 09:38:43.888] [global] [info] [linter.cc:1078] Validated version for prettier not provided, or bypassed. Using fallback
[2025-12-17 09:38:43.888] [global] [info] [linter.cc:1078] Validated version for oxipng not provided, or bypassed. Using fallback
[2025-12-17 09:38:43.889] [global] [info] [linter.cc:1078] Validated version for checkov not provided, or bypassed. Using fallback
[2025-12-17 09:38:43.889] [global] [info] [linter.cc:1078] Validated version for markdownlint not provided, or bypassed. Using fallback
[2025-12-17 09:38:43.889] [global] [info] [linter.cc:1078] Validated version for prettier not provided, or bypassed. Using fallback
[2025-12-17 09:38:43.894] [global] [warning] [resolve_binary.cc:46] is_regular_file check failed for for C:\Users\guido\AppData\Local\trunk\tools\node\22.16.0-12da8a4c27b144aedaf7d975e067667c/bin\npm.bat // 3:El sistema no puede encontrar la ruta especificada.
[2025-12-17 09:38:43.894] [global] [warning] [resolve_binary.cc:46] is_regular_file check failed for for C:\Users\guido\AppData\Local\trunk\tools\node\22.16.0-12da8a4c27b144aedaf7d975e067667c/bin\npm.bat // 3:El sistema no puede encontrar la ruta especificada.
[2025-12-17 09:38:43.894] [global] [warning] [resolve_binary.cc:46] is_regular_file check failed for for C:\Users\guido\AppData\Local\trunk\tools\node\22.16.0-12da8a4c27b144aedaf7d975e067667c/bin\npm.bat // 3:El sistema no puede encontrar la ruta especificada.
[2025-12-17 09:38:43.894] [global] [warning] [resolve_binary.cc:46] is_regular_file check failed for for C:\Users\guido\AppData\Local\trunk\tools\node\22.16.0-12da8a4c27b144aedaf7d975e067667c/bin\npm.bat // 3:El sistema no puede encontrar la ruta especificada.
[2025-12-17 09:38:43.894] [global] [warning] [resolve_binary.cc:46] is_regular_file check failed for for C:\Users\guido\AppData\Local\trunk\tools\node\22.16.0-12da8a4c27b144aedaf7d975e067667c/bin\npm // 3:El sistema no puede encontrar la ruta especificada.
[2025-12-17 09:38:43.894] [global] [warning] [resolve_binary.cc:46] is_regular_file check failed for for C:\Users\guido\AppData\Local\trunk\tools\node\22.16.0-12da8a4c27b144aedaf7d975e067667c/bin\npm // 3:El sistema no puede encontrar la ruta especificada.
[2025-12-17 09:38:43.894] [global] [warning] [resolve_binary.cc:46] is_regular_file check failed for for C:\Users\guido\AppData\Local\trunk\tools\node\22.16.0-12da8a4c27b144aedaf7d975e067667c/bin\npm // 3:El sistema no puede encontrar la ruta especificada.
[2025-12-17 09:38:43.894] [global] [warning] [resolve_binary.cc:46] is_regular_file check failed for for C:\Users\guido\AppData\Local\trunk\tools\node\22.16.0-12da8a4c27b144aedaf7d975e067667c/bin\npm // 3:El sistema no puede encontrar la ruta especificada.
[2025-12-17 09:38:43.894] [global] [warning] [resolve_binary.cc:46] is_regular_file check failed for for C:\Users\guido\AppData\Local\trunk\tools\node\22.16.0-12da8a4c27b144aedaf7d975e067667c/bin\npm.exe // 3:El sistema no puede encontrar la ruta especificada.
[2025-12-17 09:38:43.894] [global] [warning] [resolve_binary.cc:46] is_regular_file check failed for for C:\Users\guido\AppData\Local\trunk\tools\node\22.16.0-12da8a4c27b144aedaf7d975e067667c/bin\npm.exe // 3:El sistema no puede encontrar la ruta especificada.
[2025-12-17 09:38:43.895] [global] [warning] [resolve_binary.cc:46] is_regular_file check failed for for C:\Users\guido\AppData\Local\trunk\tools\node\22.16.0-12da8a4c27b144aedaf7d975e067667c/bin\npm.exe // 3:El sistema no puede encontrar la ruta especificada.
[2025-12-17 09:38:43.895] [global] [warning] [resolve_binary.cc:46] is_regular_file check failed for for C:\Users\guido\AppData\Local\trunk\tools\node\22.16.0-12da8a4c27b144aedaf7d975e067667c/bin\npm.exe // 3:El sistema no puede encontrar la ruta especificada.
[2025-12-17 09:38:44.560] [global] [warning] [release.cc:76] Querying ReleaseVersionService failed with message Endpoint is deprecated
[2025-12-17 09:38:44.563] [global] [warning] [release.cc:76] Querying ReleaseVersionService failed with message Endpoint is deprecated
[2025-12-17 09:38:45.379] [global] [info] [linter.cc:1078] Validated version for trufflehog not provided, or bypassed. Using fallback
[2025-12-17 09:38:45.457] [global] [info] [linter.cc:1078] Validated version for trufflehog not provided, or bypassed. Using fallback
[2025-12-17 09:39:04.266] [global] [info] [linter.cc:1078] Validated version for oxipng not provided, or bypassed. Using fallback
[2025-12-17 09:39:04.266] [global] [info] [linter.cc:1078] Validated version for osv-scanner not provided, or bypassed. Using fallback
[2025-12-17 09:39:04.957] [global] [info] [linter.cc:1078] Validated version for yamllint not provided, or bypassed. Using fallback
[2025-12-17 09:39:04.965] [global] [info] [linter.cc:1078] Validated version for yamllint not provided, or bypassed. Using fallback
[2025-12-17 09:39:05.053] [global] [warning] [release.cc:76] Querying ReleaseVersionService failed with message Endpoint is deprecated
[2025-12-17 09:39:05.054] [global] [warning] [release.cc:76] Querying ReleaseVersionService failed with message Endpoint is deprecated
[2025-12-17 09:39:05.059] [global] [info] [linter.cc:1791] Found config in plugin repo at C:\Users\guido\AppData\Local\trunk\plugins\https---github-com-trunk-io-plugins\v1.7.4-4ebadccd80b22638\linters\yamllint\.yamllint.yaml
[2025-12-17 09:39:05.065] [global] [info] [linter.cc:1791] Found config in plugin repo at C:\Users\guido\AppData\Local\trunk\plugins\https---github-com-trunk-io-plugins\v1.7.4-4ebadccd80b22638\linters\yamllint\.yamllint.yaml
[2025-12-17 09:39:06.447] [global] [warning] [release.cc:76] Querying ReleaseVersionService failed with message Endpoint is deprecated
[2025-12-17 09:39:06.573] [global] [warning] [release.cc:76] Querying ReleaseVersionService failed with message Endpoint is deprecated
[2025-12-17 09:39:25.440] [global] [warning] [release.cc:76] Querying ReleaseVersionService failed with message Endpoint is deprecated
[2025-12-17 09:39:25.488] [global] [warning] [release.cc:76] Querying ReleaseVersionService failed with message Endpoint is deprecated
[2025-12-17 09:39:26.175] [global] [info] [grpc.cc:26] TX:virtual grpc::Status trunk::cli::UpgradeService::GetAvailableUpgrades(grpc::ServerContext *, const upgrade::proto::v1::GetAvailableUpgradesRequest *, grpc::ServerWriter<upgrade::proto::v1::GetAvailableUpgradesResponse> *) status=OK
[2025-12-17 09:39:26.578] [global] [info] [grpc.cc:26] TX:virtual grpc::Status trunk::cli::UpgradeService::GetAvailableUpgrades(grpc::ServerContext *, const upgrade::proto::v1::GetAvailableUpgradesRequest *, grpc::ServerWriter<upgrade::proto::v1::GetAvailableUpgradesResponse> *) status=OK
[2025-12-17 09:39:27.497] [global] [info] [notification_manager.cc:37] Writing to C:\Users\guido\Documents\Proyectos\club\clubFront\.trunk\notifications\trunk-upgrade.yaml
[2025-12-17 09:39:27.497] [global] [info] [notification_manager.cc:37] Writing to C:\Users\guido\Documents\Proyectos\club\clubFront\.trunk\notifications\trunk-upgrade.yaml
[2025-12-17 10:38:20.967] [global] [info] [runner.cc:154] Executing action trunk-upgrade-available.schedule.1h
[2025-12-17 10:38:21.648] [global] [info] [grpc.cc:22] RX:virtual grpc::Status trunk::cli::UpgradeService::GetAvailableUpgrades(grpc::ServerContext *, const upgrade::proto::v1::GetAvailableUpgradesRequest *, grpc::ServerWriter<upgrade::proto::v1::GetAvailableUpgradesResponse> *)
[2025-12-17 10:38:21.652] [global] [info] [cli_upgrade.cc:85] Checking for latest trunk prod version...
[2025-12-17 10:38:21.654] [global] [info] [plugin_upgrade.cc:71] Querying latest version for plugin trunk
[2025-12-17 10:38:24.519] [global] [info] [cli_upgrade.cc:92] Successfully fetched latest trunk 1.25.0 version: prod
[2025-12-17 10:38:43.270] [global] [warning] [release.cc:142] Querying validated version from ReleaseVersionService failed with message Endpoint is deprecated
[2025-12-17 10:38:43.271] [global] [info] [linter.cc:1078] Validated version for oxipng not provided, or bypassed. Using fallback
[2025-12-17 10:38:43.271] [global] [info] [linter.cc:1078] Validated version for trufflehog not provided, or bypassed. Using fallback
[2025-12-17 10:38:43.272] [global] [info] [linter.cc:1078] Validated version for checkov not provided, or bypassed. Using fallback
[2025-12-17 10:38:43.272] [global] [info] [linter.cc:1078] Validated version for markdownlint not provided, or bypassed. Using fallback
[2025-12-17 10:38:43.277] [global] [warning] [resolve_binary.cc:46] is_regular_file check failed for for C:\Users\guido\AppData\Local\trunk\tools\node\22.16.0-12da8a4c27b144aedaf7d975e067667c/bin\npm.bat // 3:El sistema no puede encontrar la ruta especificada.
[2025-12-17 10:38:43.277] [global] [warning] [resolve_binary.cc:46] is_regular_file check failed for for C:\Users\guido\AppData\Local\trunk\tools\node\22.16.0-12da8a4c27b144aedaf7d975e067667c/bin\npm // 3:El sistema no puede encontrar la ruta especificada.
[2025-12-17 10:38:43.277] [global] [warning] [resolve_binary.cc:46] is_regular_file check failed for for C:\Users\guido\AppData\Local\trunk\tools\node\22.16.0-12da8a4c27b144aedaf7d975e067667c/bin\npm.exe // 3:El sistema no puede encontrar la ruta especificada.
[2025-12-17 10:38:43.658] [global] [info] [linter.cc:1078] Validated version for prettier not provided, or bypassed. Using fallback
[2025-12-17 10:38:43.659] [global] [warning] [resolve_binary.cc:46] is_regular_file check failed for for C:\Users\guido\AppData\Local\trunk\tools\node\22.16.0-12da8a4c27b144aedaf7d975e067667c/bin\npm.bat // 3:El sistema no puede encontrar la ruta especificada.
[2025-12-17 10:38:43.659] [global] [warning] [resolve_binary.cc:46] is_regular_file check failed for for C:\Users\guido\AppData\Local\trunk\tools\node\22.16.0-12da8a4c27b144aedaf7d975e067667c/bin\npm // 3:El sistema no puede encontrar la ruta especificada.
[2025-12-17 10:38:43.660] [global] [warning] [resolve_binary.cc:46] is_regular_file check failed for for C:\Users\guido\AppData\Local\trunk\tools\node\22.16.0-12da8a4c27b144aedaf7d975e067667c/bin\npm.exe // 3:El sistema no puede encontrar la ruta especificada.
[2025-12-17 10:38:43.930] [global] [warning] [release.cc:76] Querying ReleaseVersionService failed with message Endpoint is deprecated
[2025-12-17 10:38:46.037] [global] [info] [linter.cc:1078] Validated version for osv-scanner not provided, or bypassed. Using fallback
[2025-12-17 10:38:46.069] [global] [info] [linter.cc:1078] Validated version for yamllint not provided, or bypassed. Using fallback
[2025-12-17 10:38:46.169] [global] [info] [linter.cc:1791] Found config in plugin repo at C:\Users\guido\AppData\Local\trunk\plugins\https---github-com-trunk-io-plugins\v1.7.4-4ebadccd80b22638\linters\yamllint\.yamllint.yaml
[2025-12-17 10:39:04.699] [global] [warning] [release.cc:76] Querying ReleaseVersionService failed with message Endpoint is deprecated
[2025-12-17 10:39:04.934] [global] [warning] [release.cc:76] Querying ReleaseVersionService failed with message Endpoint is deprecated
[2025-12-17 10:39:08.000] [global] [warning] [release.cc:76] Querying ReleaseVersionService failed with message Endpoint is deprecated
[2025-12-17 10:39:08.828] [global] [info] [grpc.cc:26] TX:virtual grpc::Status trunk::cli::UpgradeService::GetAvailableUpgrades(grpc::ServerContext *, const upgrade::proto::v1::GetAvailableUpgradesRequest *, grpc::ServerWriter<upgrade::proto::v1::GetAvailableUpgradesResponse> *) status=OK
[2025-12-17 10:39:10.134] [global] [info] [notification_manager.cc:37] Writing to C:\Users\guido\Documents\Proyectos\club\clubFront\.trunk\notifications\trunk-upgrade.yaml
[2025-12-17 10:52:15.999] [global] [info] [git_source_control.cc:517] Computing merge base between 8babfa7b1fef35a416db49856c4a8dfa3487fc85 and 2ade3df93bfcc8fcb9cd19c422d121bc2ba07f18
[2025-12-17 10:52:16.065] [global] [info] [git_source_control.cc:522] failed to compute merge base - no merge base found
[2025-12-17 11:38:20.979] [global] [info] [runner.cc:154] Executing action trunk-upgrade-available.schedule.1h
[2025-12-17 11:38:21.644] [global] [info] [grpc.cc:22] RX:virtual grpc::Status trunk::cli::UpgradeService::GetAvailableUpgrades(grpc::ServerContext *, const upgrade::proto::v1::GetAvailableUpgradesRequest *, grpc::ServerWriter<upgrade::proto::v1::GetAvailableUpgradesResponse> *)
[2025-12-17 11:38:21.652] [global] [info] [cli_upgrade.cc:85] Checking for latest trunk prod version...
[2025-12-17 11:38:21.656] [global] [info] [plugin_upgrade.cc:71] Querying latest version for plugin trunk
[2025-12-17 11:38:23.606] [global] [info] [cli_upgrade.cc:92] Successfully fetched latest trunk 1.25.0 version: prod
[2025-12-17 11:38:43.064] [global] [warning] [release.cc:142] Querying validated version from ReleaseVersionService failed with message Endpoint is deprecated
[2025-12-17 11:38:43.066] [global] [info] [linter.cc:1078] Validated version for trufflehog not provided, or bypassed. Using fallback
[2025-12-17 11:38:43.066] [global] [info] [linter.cc:1078] Validated version for checkov not provided, or bypassed. Using fallback
[2025-12-17 11:38:43.066] [global] [info] [linter.cc:1078] Validated version for osv-scanner not provided, or bypassed. Using fallback
[2025-12-17 11:38:43.066] [global] [info] [linter.cc:1078] Validated version for markdownlint not provided, or bypassed. Using fallback
[2025-12-17 11:38:43.071] [global] [warning] [resolve_binary.cc:46] is_regular_file check failed for for C:\Users\guido\AppData\Local\trunk\tools\node\22.16.0-12da8a4c27b144aedaf7d975e067667c/bin\npm.bat // 3:El sistema no puede encontrar la ruta especificada.
[2025-12-17 11:38:43.071] [global] [warning] [resolve_binary.cc:46] is_regular_file check failed for for C:\Users\guido\AppData\Local\trunk\tools\node\22.16.0-12da8a4c27b144aedaf7d975e067667c/bin\npm // 3:El sistema no puede encontrar la ruta especificada.
[2025-12-17 11:38:43.071] [global] [warning] [resolve_binary.cc:46] is_regular_file check failed for for C:\Users\guido\AppData\Local\trunk\tools\node\22.16.0-12da8a4c27b144aedaf7d975e067667c/bin\npm.exe // 3:El sistema no puede encontrar la ruta especificada.
[2025-12-17 11:38:43.483] [global] [info] [linter.cc:1078] Validated version for prettier not provided, or bypassed. Using fallback
[2025-12-17 11:38:43.484] [global] [warning] [resolve_binary.cc:46] is_regular_file check failed for for C:\Users\guido\AppData\Local\trunk\tools\node\22.16.0-12da8a4c27b144aedaf7d975e067667c/bin\npm.bat // 3:El sistema no puede encontrar la ruta especificada.
[2025-12-17 11:38:43.484] [global] [warning] [resolve_binary.cc:46] is_regular_file check failed for for C:\Users\guido\AppData\Local\trunk\tools\node\22.16.0-12da8a4c27b144aedaf7d975e067667c/bin\npm // 3:El sistema no puede encontrar la ruta especificada.
[2025-12-17 11:38:43.484] [global] [warning] [resolve_binary.cc:46] is_regular_file check failed for for C:\Users\guido\AppData\Local\trunk\tools\node\22.16.0-12da8a4c27b144aedaf7d975e067667c/bin\npm.exe // 3:El sistema no puede encontrar la ruta especificada.
[2025-12-17 11:38:43.804] [global] [warning] [release.cc:76] Querying ReleaseVersionService failed with message Endpoint is deprecated
[2025-12-17 11:38:45.794] [global] [info] [linter.cc:1078] Validated version for oxipng not provided, or bypassed. Using fallback
[2025-12-17 11:38:46.461] [global] [info] [linter.cc:1078] Validated version for yamllint not provided, or bypassed. Using fallback
[2025-12-17 11:38:46.554] [global] [info] [linter.cc:1791] Found config in plugin repo at C:\Users\guido\AppData\Local\trunk\plugins\https---github-com-trunk-io-plugins\v1.7.4-4ebadccd80b22638\linters\yamllint\.yamllint.yaml
[2025-12-17 11:39:04.215] [global] [warning] [release.cc:76] Querying ReleaseVersionService failed with message Endpoint is deprecated
[2025-12-17 11:39:04.234] [global] [warning] [release.cc:76] Querying ReleaseVersionService failed with message Endpoint is deprecated
[2025-12-17 11:39:06.909] [global] [warning] [release.cc:76] Querying ReleaseVersionService failed with message Endpoint is deprecated
[2025-12-17 11:39:09.062] [global] [info] [grpc.cc:26] TX:virtual grpc::Status trunk::cli::UpgradeService::GetAvailableUpgrades(grpc::ServerContext *, const upgrade::proto::v1::GetAvailableUpgradesRequest *, grpc::ServerWriter<upgrade::proto::v1::GetAvailableUpgradesResponse> *) status=OK
[2025-12-17 11:39:09.468] [global] [info] [notification_manager.cc:37] Writing to C:\Users\guido\Documents\Proyectos\club\clubFront\.trunk\notifications\trunk-upgrade.yaml
[2025-12-17 12:38:20.959] [global] [info] [runner.cc:154] Executing action trunk-upgrade-available.schedule.1h
[2025-12-17 12:38:21.574] [global] [info] [grpc.cc:22] RX:virtual grpc::Status trunk::cli::UpgradeService::GetAvailableUpgrades(grpc::ServerContext *, const upgrade::proto::v1::GetAvailableUpgradesRequest *, grpc::ServerWriter<upgrade::proto::v1::GetAvailableUpgradesResponse> *)
[2025-12-17 12:38:21.580] [global] [info] [cli_upgrade.cc:85] Checking for latest trunk prod version...
[2025-12-17 12:38:21.583] [global] [info] [plugin_upgrade.cc:71] Querying latest version for plugin trunk
[2025-12-17 12:38:23.573] [global] [info] [cli_upgrade.cc:92] Successfully fetched latest trunk 1.25.0 version: prod
[2025-12-17 12:38:43.046] [global] [warning] [release.cc:142] Querying validated version from ReleaseVersionService failed with message Endpoint is deprecated
[2025-12-17 12:38:43.049] [global] [info] [linter.cc:1078] Validated version for oxipng not provided, or bypassed. Using fallback
[2025-12-17 12:38:43.049] [global] [info] [linter.cc:1078] Validated version for checkov not provided, or bypassed. Using fallback
[2025-12-17 12:38:43.049] [global] [info] [linter.cc:1078] Validated version for markdownlint not provided, or bypassed. Using fallback
[2025-12-17 12:38:43.049] [global] [info] [linter.cc:1078] Validated version for prettier not provided, or bypassed. Using fallback
[2025-12-17 12:38:43.057] [global] [warning] [resolve_binary.cc:46] is_regular_file check failed for for C:\Users\guido\AppData\Local\trunk\tools\node\22.16.0-12da8a4c27b144aedaf7d975e067667c/bin\npm.bat // 3:El sistema no puede encontrar la ruta especificada.
[2025-12-17 12:38:43.057] [global] [warning] [resolve_binary.cc:46] is_regular_file check failed for for C:\Users\guido\AppData\Local\trunk\tools\node\22.16.0-12da8a4c27b144aedaf7d975e067667c/bin\npm.bat // 3:El sistema no puede encontrar la ruta especificada.
[2025-12-17 12:38:43.058] [global] [warning] [resolve_binary.cc:46] is_regular_file check failed for for C:\Users\guido\AppData\Local\trunk\tools\node\22.16.0-12da8a4c27b144aedaf7d975e067667c/bin\npm // 3:El sistema no puede encontrar la ruta especificada.
[2025-12-17 12:38:43.058] [global] [warning] [resolve_binary.cc:46] is_regular_file check failed for for C:\Users\guido\AppData\Local\trunk\tools\node\22.16.0-12da8a4c27b144aedaf7d975e067667c/bin\npm // 3:El sistema no puede encontrar la ruta especificada.
[2025-12-17 12:38:43.058] [global] [warning] [resolve_binary.cc:46] is_regular_file check failed for for C:\Users\guido\AppData\Local\trunk\tools\node\22.16.0-12da8a4c27b144aedaf7d975e067667c/bin\npm.exe // 3:El sistema no puede encontrar la ruta especificada.
[2025-12-17 12:38:43.058] [global] [warning] [resolve_binary.cc:46] is_regular_file check failed for for C:\Users\guido\AppData\Local\trunk\tools\node\22.16.0-12da8a4c27b144aedaf7d975e067667c/bin\npm.exe // 3:El sistema no puede encontrar la ruta especificada.
[2025-12-17 12:38:43.413] [global] [info] [linter.cc:1078] Validated version for trufflehog not provided, or bypassed. Using fallback
[2025-12-17 12:38:43.793] [global] [warning] [release.cc:76] Querying ReleaseVersionService failed with message Endpoint is deprecated
[2025-12-17 12:38:45.883] [global] [info] [linter.cc:1078] Validated version for osv-scanner not provided, or bypassed. Using fallback
[2025-12-17 12:38:45.899] [global] [info] [linter.cc:1078] Validated version for yamllint not provided, or bypassed. Using fallback
[2025-12-17 12:38:46.003] [global] [info] [linter.cc:1791] Found config in plugin repo at C:\Users\guido\AppData\Local\trunk\plugins\https---github-com-trunk-io-plugins\v1.7.4-4ebadccd80b22638\linters\yamllint\.yamllint.yaml
[2025-12-17 12:39:04.236] [global] [warning] [release.cc:76] Querying ReleaseVersionService failed with message Endpoint is deprecated
[2025-12-17 12:39:04.536] [global] [warning] [release.cc:76] Querying ReleaseVersionService failed with message Endpoint is deprecated
[2025-12-17 12:39:07.080] [global] [warning] [release.cc:76] Querying ReleaseVersionService failed with message Endpoint is deprecated
[2025-12-17 12:39:07.783] [global] [info] [grpc.cc:26] TX:virtual grpc::Status trunk::cli::UpgradeService::GetAvailableUpgrades(grpc::ServerContext *, const upgrade::proto::v1::GetAvailableUpgradesRequest *, grpc::ServerWriter<upgrade::proto::v1::GetAvailableUpgradesResponse> *) status=OK
[2025-12-17 12:39:08.035] [global] [info] [notification_manager.cc:37] Writing to C:\Users\guido\Documents\Proyectos\club\clubFront\.trunk\notifications\trunk-upgrade.yaml
[2025-12-17 13:38:20.968] [global] [info] [runner.cc:154] Executing action trunk-upgrade-available.schedule.1h
[2025-12-17 13:38:21.615] [global] [info] [grpc.cc:22] RX:virtual grpc::Status trunk::cli::UpgradeService::GetAvailableUpgrades(grpc::ServerContext *, const upgrade::proto::v1::GetAvailableUpgradesRequest *, grpc::ServerWriter<upgrade::proto::v1::GetAvailableUpgradesResponse> *)
[2025-12-17 13:38:21.623] [global] [info] [cli_upgrade.cc:85] Checking for latest trunk prod version...
[2025-12-17 13:38:21.627] [global] [info] [plugin_upgrade.cc:71] Querying latest version for plugin trunk
[2025-12-17 13:38:22.631] [global] [info] [cli_upgrade.cc:92] Successfully fetched latest trunk 1.25.0 version: prod
[2025-12-17 13:38:43.036] [global] [warning] [release.cc:142] Querying validated version from ReleaseVersionService failed with message Endpoint is deprecated
[2025-12-17 13:38:43.037] [global] [info] [linter.cc:1078] Validated version for osv-scanner not provided, or bypassed. Using fallback
[2025-12-17 13:38:43.038] [global] [info] [linter.cc:1078] Validated version for checkov not provided, or bypassed. Using fallback
[2025-12-17 13:38:43.038] [global] [info] [linter.cc:1078] Validated version for markdownlint not provided, or bypassed. Using fallback
[2025-12-17 13:38:43.038] [global] [info] [linter.cc:1078] Validated version for prettier not provided, or bypassed. Using fallback
[2025-12-17 13:38:43.043] [global] [warning] [resolve_binary.cc:46] is_regular_file check failed for for C:\Users\guido\AppData\Local\trunk\tools\node\22.16.0-12da8a4c27b144aedaf7d975e067667c/bin\npm.bat // 3:El sistema no puede encontrar la ruta especificada.
[2025-12-17 13:38:43.043] [global] [warning] [resolve_binary.cc:46] is_regular_file check failed for for C:\Users\guido\AppData\Local\trunk\tools\node\22.16.0-12da8a4c27b144aedaf7d975e067667c/bin\npm // 3:El sistema no puede encontrar la ruta especificada.
[2025-12-17 13:38:43.043] [global] [warning] [resolve_binary.cc:46] is_regular_file check failed for for C:\Users\guido\AppData\Local\trunk\tools\node\22.16.0-12da8a4c27b144aedaf7d975e067667c/bin\npm.exe // 3:El sistema no puede encontrar la ruta especificada.
[2025-12-17 13:38:43.044] [global] [warning] [resolve_binary.cc:46] is_regular_file check failed for for C:\Users\guido\AppData\Local\trunk\tools\node\22.16.0-12da8a4c27b144aedaf7d975e067667c/bin\npm.bat // 3:El sistema no puede encontrar la ruta especificada.
[2025-12-17 13:38:43.044] [global] [warning] [resolve_binary.cc:46] is_regular_file check failed for for C:\Users\guido\AppData\Local\trunk\tools\node\22.16.0-12da8a4c27b144aedaf7d975e067667c/bin\npm // 3:El sistema no puede encontrar la ruta especificada.
[2025-12-17 13:38:43.044] [global] [warning] [resolve_binary.cc:46] is_regular_file check failed for for C:\Users\guido\AppData\Local\trunk\tools\node\22.16.0-12da8a4c27b144aedaf7d975e067667c/bin\npm.exe // 3:El sistema no puede encontrar la ruta especificada.
[2025-12-17 13:38:43.762] [global] [warning] [release.cc:76] Querying ReleaseVersionService failed with message Endpoint is deprecated
[2025-12-17 13:38:44.568] [global] [info] [linter.cc:1078] Validated version for trufflehog not provided, or bypassed. Using fallback
[2025-12-17 13:38:45.536] [global] [info] [linter.cc:1078] Validated version for oxipng not provided, or bypassed. Using fallback
[2025-12-17 13:38:45.552] [global] [info] [linter.cc:1078] Validated version for yamllint not provided, or bypassed. Using fallback
[2025-12-17 13:38:45.648] [global] [info] [linter.cc:1791] Found config in plugin repo at C:\Users\guido\AppData\Local\trunk\plugins\https---github-com-trunk-io-plugins\v1.7.4-4ebadccd80b22638\linters\yamllint\.yamllint.yaml
[2025-12-17 13:39:04.186] [global] [warning] [release.cc:76] Querying ReleaseVersionService failed with message Endpoint is deprecated
[2025-12-17 13:39:05.675] [global] [warning] [release.cc:76] Querying ReleaseVersionService failed with message Endpoint is deprecated
[2025-12-17 13:39:06.670] [global] [warning] [release.cc:76] Querying ReleaseVersionService failed with message Endpoint is deprecated
[2025-12-17 13:39:07.779] [global] [info] [grpc.cc:26] TX:virtual grpc::Status trunk::cli::UpgradeService::GetAvailableUpgrades(grpc::ServerContext *, const upgrade::proto::v1::GetAvailableUpgradesRequest *, grpc::ServerWriter<upgrade::proto::v1::GetAvailableUpgradesResponse> *) status=OK
[2025-12-17 13:39:09.078] [global] [info] [notification_manager.cc:37] Writing to C:\Users\guido\Documents\Proyectos\club\clubFront\.trunk\notifications\trunk-upgrade.yaml
[2025-12-17 14:38:20.971] [global] [info] [runner.cc:154] Executing action trunk-upgrade-available.schedule.1h
[2025-12-17 14:38:21.690] [global] [info] [grpc.cc:22] RX:virtual grpc::Status trunk::cli::UpgradeService::GetAvailableUpgrades(grpc::ServerContext *, const upgrade::proto::v1::GetAvailableUpgradesRequest *, grpc::ServerWriter<upgrade::proto::v1::GetAvailableUpgradesResponse> *)
[2025-12-17 14:38:21.701] [global] [info] [cli_upgrade.cc:85] Checking for latest trunk prod version...
[2025-12-17 14:38:21.704] [global] [info] [plugin_upgrade.cc:71] Querying latest version for plugin trunk
[2025-12-17 14:38:23.917] [global] [info] [cli_upgrade.cc:92] Successfully fetched latest trunk 1.25.0 version: prod
[2025-12-17 14:38:43.876] [global] [warning] [release.cc:76] Querying ReleaseVersionService failed with message Endpoint is deprecated
[2025-12-17 14:38:44.149] [global] [warning] [release.cc:142] Querying validated version from ReleaseVersionService failed with message Endpoint is deprecated
[2025-12-17 14:38:44.156] [global] [info] [linter.cc:1078] Validated version for oxipng not provided, or bypassed. Using fallback
[2025-12-17 14:38:44.156] [global] [info] [linter.cc:1078] Validated version for osv-scanner not provided, or bypassed. Using fallback
[2025-12-17 14:38:44.156] [global] [info] [linter.cc:1078] Validated version for markdownlint not provided, or bypassed. Using fallback
[2025-12-17 14:38:44.156] [global] [info] [linter.cc:1078] Validated version for checkov not provided, or bypassed. Using fallback
[2025-12-17 14:38:44.164] [global] [warning] [resolve_binary.cc:46] is_regular_file check failed for for C:\Users\guido\AppData\Local\trunk\tools\node\22.16.0-12da8a4c27b144aedaf7d975e067667c/bin\npm.bat // 3:El sistema no puede encontrar la ruta especificada.
[2025-12-17 14:38:44.164] [global] [warning] [resolve_binary.cc:46] is_regular_file check failed for for C:\Users\guido\AppData\Local\trunk\tools\node\22.16.0-12da8a4c27b144aedaf7d975e067667c/bin\npm // 3:El sistema no puede encontrar la ruta especificada.
[2025-12-17 14:38:44.164] [global] [warning] [resolve_binary.cc:46] is_regular_file check failed for for C:\Users\guido\AppData\Local\trunk\tools\node\22.16.0-12da8a4c27b144aedaf7d975e067667c/bin\npm.exe // 3:El sistema no puede encontrar la ruta especificada.
[2025-12-17 14:38:44.595] [global] [info] [linter.cc:1078] Validated version for prettier not provided, or bypassed. Using fallback
[2025-12-17 14:38:44.596] [global] [warning] [resolve_binary.cc:46] is_regular_file check failed for for C:\Users\guido\AppData\Local\trunk\tools\node\22.16.0-12da8a4c27b144aedaf7d975e067667c/bin\npm.bat // 3:El sistema no puede encontrar la ruta especificada.
[2025-12-17 14:38:44.596] [global] [warning] [resolve_binary.cc:46] is_regular_file check failed for for C:\Users\guido\AppData\Local\trunk\tools\node\22.16.0-12da8a4c27b144aedaf7d975e067667c/bin\npm // 3:El sistema no puede encontrar la ruta especificada.
[2025-12-17 14:38:44.596] [global] [warning] [resolve_binary.cc:46] is_regular_file check failed for for C:\Users\guido\AppData\Local\trunk\tools\node\22.16.0-12da8a4c27b144aedaf7d975e067667c/bin\npm.exe // 3:El sistema no puede encontrar la ruta especificada.
[2025-12-17 14:38:46.976] [global] [info] [linter.cc:1078] Validated version for trufflehog not provided, or bypassed. Using fallback
[2025-12-17 14:38:46.986] [global] [info] [linter.cc:1078] Validated version for yamllint not provided, or bypassed. Using fallback
[2025-12-17 14:38:47.083] [global] [info] [linter.cc:1791] Found config in plugin repo at C:\Users\guido\AppData\Local\trunk\plugins\https---github-com-trunk-io-plugins\v1.7.4-4ebadccd80b22638\linters\yamllint\.yamllint.yaml
[2025-12-17 14:39:05.258] [global] [warning] [release.cc:76] Querying ReleaseVersionService failed with message Endpoint is deprecated
[2025-12-17 14:39:05.285] [global] [warning] [release.cc:76] Querying ReleaseVersionService failed with message Endpoint is deprecated
[2025-12-17 14:39:08.118] [global] [warning] [release.cc:76] Querying ReleaseVersionService failed with message Endpoint is deprecated
[2025-12-17 14:39:08.816] [global] [info] [grpc.cc:26] TX:virtual grpc::Status trunk::cli::UpgradeService::GetAvailableUpgrades(grpc::ServerContext *, const upgrade::proto::v1::GetAvailableUpgradesRequest *, grpc::ServerWriter<upgrade::proto::v1::GetAvailableUpgradesResponse> *) status=OK
[2025-12-17 14:39:09.218] [global] [info] [notification_manager.cc:37] Writing to C:\Users\guido\Documents\Proyectos\club\clubFront\.trunk\notifications\trunk-upgrade.yaml
[2025-12-17 14:40:11.536] [global] [info] [git_source_control.cc:517] Computing merge base between 8babfa7b1fef35a416db49856c4a8dfa3487fc85 and 2ade3df93bfcc8fcb9cd19c422d121bc2ba07f18
[2025-12-17 14:40:11.540] [global] [info] [git_source_control.cc:522] failed to compute merge base - no merge base found
[2025-12-17 14:50:34.071] [global] [info] [git_source_control.cc:517] Computing merge base between 8babfa7b1fef35a416db49856c4a8dfa3487fc85 and 2ade3df93bfcc8fcb9cd19c422d121bc2ba07f18
[2025-12-17 14:50:34.088] [global] [info] [git_source_control.cc:522] failed to compute merge base - no merge base found
[2025-12-17 14:50:34.693] [global] [info] [git_source_control.cc:517] Computing merge base between 8babfa7b1fef35a416db49856c4a8dfa3487fc85 and 2ade3df93bfcc8fcb9cd19c422d121bc2ba07f18
[2025-12-17 14:50:34.693] [global] [info] [git_source_control.cc:522] failed to compute merge base - no merge base found
[2025-12-17 14:50:36.066] [global] [info] [git_source_control.cc:517] Computing merge base between 8babfa7b1fef35a416db49856c4a8dfa3487fc85 and 2ade3df93bfcc8fcb9cd19c422d121bc2ba07f18
[2025-12-17 14:50:36.068] [global] [info] [git_source_control.cc:522] failed to compute merge base - no merge base found
[2025-12-17 15:01:05.051] [global] [info] [git_source_control.cc:517] Computing merge base between 8babfa7b1fef35a416db49856c4a8dfa3487fc85 and 2ade3df93bfcc8fcb9cd19c422d121bc2ba07f18
[2025-12-17 15:01:05.080] [global] [info] [git_source_control.cc:522] failed to compute merge base - no merge base found
[2025-12-17 15:14:27.986] [global] [info] [git_source_control.cc:517] Computing merge base between 8babfa7b1fef35a416db49856c4a8dfa3487fc85 and 2ade3df93bfcc8fcb9cd19c422d121bc2ba07f18
[2025-12-17 15:14:28.010] [global] [info] [git_source_control.cc:522] failed to compute merge base - no merge base found
[2025-12-17 15:14:29.123] [global] [info] [git_source_control.cc:517] Computing merge base between 8babfa7b1fef35a416db49856c4a8dfa3487fc85 and 2ade3df93bfcc8fcb9cd19c422d121bc2ba07f18
[2025-12-17 15:14:29.125] [global] [info] [git_source_control.cc:522] failed to compute merge base - no merge base found
[2025-12-17 15:14:30.514] [global] [info] [git_source_control.cc:517] Computing merge base between 8babfa7b1fef35a416db49856c4a8dfa3487fc85 and 2ade3df93bfcc8fcb9cd19c422d121bc2ba07f18
[2025-12-17 15:14:30.515] [global] [info] [git_source_control.cc:522] failed to compute merge base - no merge base found
[2025-12-17 15:25:00.005] [global] [info] [git_source_control.cc:517] Computing merge base between 8babfa7b1fef35a416db49856c4a8dfa3487fc85 and 2ade3df93bfcc8fcb9cd19c422d121bc2ba07f18
[2025-12-17 15:25:00.034] [global] [info] [git_source_control.cc:522] failed to compute merge base - no merge base found
[2025-12-17 15:25:00.800] [global] [info] [git_source_control.cc:517] Computing merge base between 8babfa7b1fef35a416db49856c4a8dfa3487fc85 and 2ade3df93bfcc8fcb9cd19c422d121bc2ba07f18
[2025-12-17 15:25:00.802] [global] [info] [git_source_control.cc:522] failed to compute merge base - no merge base found
[2025-12-17 15:25:02.065] [global] [info] [git_source_control.cc:517] Computing merge base between 8babfa7b1fef35a416db49856c4a8dfa3487fc85 and 2ade3df93bfcc8fcb9cd19c422d121bc2ba07f18
[2025-12-17 15:25:02.066] [global] [info] [git_source_control.cc:522] failed to compute merge base - no merge base found
[2025-12-17 15:26:58.887] [global] [info] [git_source_control.cc:517] Computing merge base between 8babfa7b1fef35a416db49856c4a8dfa3487fc85 and 2ade3df93bfcc8fcb9cd19c422d121bc2ba07f18
[2025-12-17 15:26:58.893] [global] [info] [git_source_control.cc:522] failed to compute merge base - no merge base found
[2025-12-17 15:30:42.413] [global] [info] [git_source_control.cc:517] Computing merge base between 8babfa7b1fef35a416db49856c4a8dfa3487fc85 and 2ade3df93bfcc8fcb9cd19c422d121bc2ba07f18
[2025-12-17 15:30:42.429] [global] [info] [git_source_control.cc:522] failed to compute merge base - no merge base found
[2025-12-17 15:30:47.551] [global] [info] [git_source_control.cc:517] Computing merge base between 8babfa7b1fef35a416db49856c4a8dfa3487fc85 and 2ade3df93bfcc8fcb9cd19c422d121bc2ba07f18
[2025-12-17 15:30:47.552] [global] [info] [git_source_control.cc:522] failed to compute merge base - no merge base found
[2025-12-17 15:32:18.672] [global] [info] [git_source_control.cc:517] Computing merge base between 8babfa7b1fef35a416db49856c4a8dfa3487fc85 and 2ade3df93bfcc8fcb9cd19c422d121bc2ba07f18
[2025-12-17 15:32:18.674] [global] [info] [git_source_control.cc:522] failed to compute merge base - no merge base found
[2025-12-17 15:35:30.746] [global] [info] [git_source_control.cc:517] Computing merge base between 8babfa7b1fef35a416db49856c4a8dfa3487fc85 and 2ade3df93bfcc8fcb9cd19c422d121bc2ba07f18
[2025-12-17 15:35:30.761] [global] [info] [git_source_control.cc:522] failed to compute merge base - no merge base found
[2025-12-17 15:35:31.627] [global] [info] [git_source_control.cc:517] Computing merge base between 8babfa7b1fef35a416db49856c4a8dfa3487fc85 and 2ade3df93bfcc8fcb9cd19c422d121bc2ba07f18
[2025-12-17 15:35:31.628] [global] [info] [git_source_control.cc:522] failed to compute merge base - no merge base found
[2025-12-17 15:35:32.842] [global] [info] [git_source_control.cc:517] Computing merge base between 8babfa7b1fef35a416db49856c4a8dfa3487fc85 and 2ade3df93bfcc8fcb9cd19c422d121bc2ba07f18
[2025-12-17 15:35:32.844] [global] [info] [git_source_control.cc:522] failed to compute merge base - no merge base found
[2025-12-17 15:36:43.570] [global] [info] [git_source_control.cc:517] Computing merge base between 8babfa7b1fef35a416db49856c4a8dfa3487fc85 and 2ade3df93bfcc8fcb9cd19c422d121bc2ba07f18
[2025-12-17 15:36:43.573] [global] [info] [git_source_control.cc:522] failed to compute merge base - no merge base found
[2025-12-17 15:37:00.690] [global] [info] [git_source_control.cc:517] Computing merge base between 8babfa7b1fef35a416db49856c4a8dfa3487fc85 and 2ade3df93bfcc8fcb9cd19c422d121bc2ba07f18
[2025-12-17 15:37:00.694] [global] [info] [git_source_control.cc:522] failed to compute merge base - no merge base found
[2025-12-17 15:41:07.794] [global] [info] [runner.cc:154] Executing action trunk-upgrade-available.schedule.1h
[2025-12-17 15:41:08.855] [global] [info] [grpc.cc:22] RX:virtual grpc::Status trunk::cli::UpgradeService::GetAvailableUpgrades(grpc::ServerContext *, const upgrade::proto::v1::GetAvailableUpgradesRequest *, grpc::ServerWriter<upgrade::proto::v1::GetAvailableUpgradesResponse> *)
[2025-12-17 15:41:08.872] [global] [info] [cli_upgrade.cc:85] Checking for latest trunk prod version...
[2025-12-17 15:41:08.882] [global] [info] [plugin_upgrade.cc:71] Querying latest version for plugin trunk
[2025-12-17 15:41:10.695] [global] [info] [cli_upgrade.cc:92] Successfully fetched latest trunk 1.25.0 version: prod
[2025-12-17 15:41:20.717] [global] [warning] [release.cc:142] Querying validated version from ReleaseVersionService failed with message Endpoint is deprecated
[2025-12-17 15:41:20.725] [global] [info] [linter.cc:1078] Validated version for osv-scanner not provided, or bypassed. Using fallback
[2025-12-17 15:41:20.725] [global] [info] [linter.cc:1078] Validated version for checkov not provided, or bypassed. Using fallback
[2025-12-17 15:41:20.725] [global] [info] [linter.cc:1078] Validated version for markdownlint not provided, or bypassed. Using fallback
[2025-12-17 15:41:20.726] [global] [info] [linter.cc:1078] Validated version for prettier not provided, or bypassed. Using fallback
[2025-12-17 15:41:20.735] [global] [warning] [resolve_binary.cc:46] is_regular_file check failed for for C:\Users\guido\AppData\Local\trunk\tools\node\22.16.0-12da8a4c27b144aedaf7d975e067667c/bin\npm.bat // 3:El sistema no puede encontrar la ruta especificada.
[2025-12-17 15:41:20.735] [global] [warning] [resolve_binary.cc:46] is_regular_file check failed for for C:\Users\guido\AppData\Local\trunk\tools\node\22.16.0-12da8a4c27b144aedaf7d975e067667c/bin\npm.bat // 3:El sistema no puede encontrar la ruta especificada.
[2025-12-17 15:41:20.735] [global] [warning] [resolve_binary.cc:46] is_regular_file check failed for for C:\Users\guido\AppData\Local\trunk\tools\node\22.16.0-12da8a4c27b144aedaf7d975e067667c/bin\npm // 3:El sistema no puede encontrar la ruta especificada.
[2025-12-17 15:41:20.736] [global] [warning] [resolve_binary.cc:46] is_regular_file check failed for for C:\Users\guido\AppData\Local\trunk\tools\node\22.16.0-12da8a4c27b144aedaf7d975e067667c/bin\npm.exe // 3:El sistema no puede encontrar la ruta especificada.
[2025-12-17 15:41:20.736] [global] [warning] [resolve_binary.cc:46] is_regular_file check failed for for C:\Users\guido\AppData\Local\trunk\tools\node\22.16.0-12da8a4c27b144aedaf7d975e067667c/bin\npm // 3:El sistema no puede encontrar la ruta especificada.
[2025-12-17 15:41:20.736] [global] [warning] [resolve_binary.cc:46] is_regular_file check failed for for C:\Users\guido\AppData\Local\trunk\tools\node\22.16.0-12da8a4c27b144aedaf7d975e067667c/bin\npm.exe // 3:El sistema no puede encontrar la ruta especificada.
[2025-12-17 15:41:25.232] [global] [info] [linter.cc:1078] Validated version for trufflehog not provided, or bypassed. Using fallback
[2025-12-17 15:41:25.331] [global] [warning] [release.cc:76] Querying ReleaseVersionService failed with message Endpoint is deprecated
[2025-12-17 15:41:28.586] [global] [info] [linter.cc:1078] Validated version for oxipng not provided, or bypassed. Using fallback
[2025-12-17 15:41:28.603] [global] [info] [linter.cc:1078] Validated version for yamllint not provided, or bypassed. Using fallback
[2025-12-17 15:41:29.232] [global] [info] [linter.cc:1791] Found config in plugin repo at C:\Users\guido\AppData\Local\trunk\plugins\https---github-com-trunk-io-plugins\v1.7.4-4ebadccd80b22638\linters\yamllint\.yamllint.yaml
[2025-12-17 15:41:31.996] [global] [warning] [release.cc:76] Querying ReleaseVersionService failed with message Endpoint is deprecated
[2025-12-17 15:41:36.637] [global] [warning] [release.cc:76] Querying ReleaseVersionService failed with message Endpoint is deprecated
[2025-12-17 15:41:39.881] [global] [warning] [release.cc:76] Querying ReleaseVersionService failed with message Endpoint is deprecated
[2025-12-17 15:41:41.700] [global] [info] [grpc.cc:26] TX:virtual grpc::Status trunk::cli::UpgradeService::GetAvailableUpgrades(grpc::ServerContext *, const upgrade::proto::v1::GetAvailableUpgradesRequest *, grpc::ServerWriter<upgrade::proto::v1::GetAvailableUpgradesResponse> *) status=OK
[2025-12-17 15:41:42.516] [global] [info] [notification_manager.cc:37] Writing to C:\Users\guido\Documents\Proyectos\club\clubFront\.trunk\notifications\trunk-upgrade.yaml
[2025-12-17 15:42:04.412] [global] [info] [git_source_control.cc:517] Computing merge base between 8babfa7b1fef35a416db49856c4a8dfa3487fc85 and 2ade3df93bfcc8fcb9cd19c422d121bc2ba07f18
[2025-12-17 15:42:04.417] [global] [info] [git_source_control.cc:522] failed to compute merge base - no merge base found
[2025-12-17 15:43:40.445] [global] [info] [git_source_control.cc:517] Computing merge base between 8babfa7b1fef35a416db49856c4a8dfa3487fc85 and 2ade3df93bfcc8fcb9cd19c422d121bc2ba07f18
[2025-12-17 15:43:40.471] [global] [info] [git_source_control.cc:522] failed to compute merge base - no merge base found
[2025-12-17 15:46:08.226] [global] [info] [git_source_control.cc:517] Computing merge base between 8babfa7b1fef35a416db49856c4a8dfa3487fc85 and 2ade3df93bfcc8fcb9cd19c422d121bc2ba07f18
[2025-12-17 15:46:08.247] [global] [info] [git_source_control.cc:522] failed to compute merge base - no merge base found
[2025-12-17 15:46:09.045] [global] [info] [git_source_control.cc:517] Computing merge base between 8babfa7b1fef35a416db49856c4a8dfa3487fc85 and 2ade3df93bfcc8fcb9cd19c422d121bc2ba07f18
[2025-12-17 15:46:09.047] [global] [info] [git_source_control.cc:522] failed to compute merge base - no merge base found
